{"gate_name": "Milburn_single_ion_rectangular_loop_v1", "chain_length": 4, "idx_ion_convention": "leftmost is 0", "radial_freq_MHz": [3.0319999999999974, 2.977166953799648, 2.898368464957376, 2.7971898368370742], "calculated_drive_freq_MHz": 2.7971898368370742, "edges": [{"number_spline_segments": 46, "edge_time_mu": 18020.0, "segment_time_mu": [170, 170, 170, 170, 170, 170, 170, 170, 510, 510, 510, 510, 510, 510, 510, 510, 510, 510, 510, 510, 510, 510, 510, 510, 510, 510, 510, 510, 510, 510, 510, 510, 510, 510, 510, 510, 510, 510, 170, 170, 170, 170, 170, 170, 170, 170], "delay_from_prev_edge_mu": 0, "idx_ion_driven": 0, "amplitude_ind_spline_coeff": {"c0": [0.015555753744434036, 0.03919046772961428, 0.08303269918847536, 0.14151328656631124, 0.22147461327302861, 0.3120173911304531, 0.3904229935412361, 0.4387007604929389, 0.46220410862584294, 0.5259552039219686, 0.5632276418563511, 0.5076496764173928, 0.501484718592874, 0.5299386006229182, 0.5021381347138271, 0.4756411258389354, 0.48039839797871303, 0.48900612722178965, 0.530320605713402, 0.5702761255593437, 0.5246136688838429, 0.46773200405691867, 0.488515989326127, 0.5208460610445542, 0.48836434957970215, 0.4678683402796738, 0.5249148070202613, 0.570339118576649, 0.5300721628761224, 0.488752092018917, 0.48035364763981186, 0.475802404350878, 0.5022598054602723, 0.5299063951997617, 0.501508060605844, 0.5078496739791346, 0.5631220306395138, 0.5261075185559988, 0.46134222486111803, 0.43802443795661583, 0.38912751879956436, 0.31025437963755537, 0.21971401143015423, 0.1401168557767531, 0.08151569839527219, 0.038766924483892816], "c1": [0.01503762880100707, 0.038522419575290984, 0.047223533766825365, 0.06969436564120507, 0.08816981319257824, 0.08891382332725614, 0.06501173763262563, 0.032915916289203165, 0.038441725039780945, 0.08635450376307177, -0.02616082068739692, -0.05363133515581324, 0.03393880668820403, 0.004692007639581197, -0.044914316394456574, -0.004591808630414935, 0.007209954116888086, 0.017137871732380693, 0.05885168304125604, 0.004035331787592559, -0.07741061291413273, -0.022050137382962003, 0.04919961532050578, 0.0018266950042755963, -0.0493964355486524, 0.018432301146450978, 0.07776042514410539, -0.0003504031856349233, -0.0604528532486113, -0.01859952078339171, -0.005410494379427525, 0.003213465433700862, 0.043966852681940685, -0.0009320778874172651, -0.035650988800071684, 0.049266377564834714, 0.03166145053457453, -0.09036516880793106, -0.01670558953227515, -0.03311135640133587, -0.06508754873694142, -0.08905850802918111, -0.08823329607788187, -0.06951502765284356, -0.03672558209593839, -0.03483899724454167], "c2": [0.006257467584758721, 0.01500094872917317, 0.011016592850856582, 0.012029559044730206, 0.006519414516524317, -0.007031115603057275, -0.01781071462059599, -0.01349729854938777, 0.02631891660129576, -0.029215687648249805, -0.0660804530467889, 0.05356092216455338, 0.01706586022807895, -0.049399755417999465, 0.013679644828814447, 0.018096823301977455, -0.007866627812245673, 0.029580121590934896, 0.002783019098063959, -0.06786051228058577, 0.001967745742075092, 0.05747620541665262, 0.00100153086226137, -0.05251511581773019, 0.014606554721640793, 0.057564421395719316, -0.014691363491572637, -0.06175776544691658, 0.014199509845374336, 0.01928097049740496, -0.008083288515842385, 0.028469912252994185, 0.0002886839734902204, -0.0504402316050237, 0.03660587915413427, 0.0428528894284321, -0.0900325034718677, 0.026763422688981898, -0.00304597650343934, -0.014819173287455089, -0.01733423632762768, -0.0055860262077685, 0.006930945970174815, 0.01175211813252147, -0.018887343125615, 0.01393431121481977], "c3": [0.0026203448129691596, -0.010241323199896528, 0.0002369089383328173, -0.001759778632048444, -0.0041328920611838115, -0.003472899014203617, 0.0010636090481159894, 0.0035557782255988516, -0.0003190142972256291, -0.02014789469238661, 0.03653183395309247, -0.0058557532190002875, -0.022565195042824407, 0.016745292350173163, 0.004864393671482247, -0.008751247579125926, 0.00913888861114309, -0.005263334148889132, -0.02160829882461097, 0.017961455025158606, 0.018563167913799073, -0.014476627462678244, -0.017872302067722418, 0.0180418301123878, 0.014293231345475495, -0.018748226964407685, -0.017718918155233684, 0.0217030032452794, 0.005059622025942478, -0.009078381571879714, 0.008816719912488785, -0.005062137735542568, -0.016598130584167044, 0.022736279333495583, 0.005521676737656656, -0.036570408203034456, 0.020663167433836376, -0.0006297562646538351, -0.003553194682516104, -0.0009710282360884343, 0.003535192123277287, 0.00410156591757562, 0.0017087825610107756, -0.00026321610399857487, 0.012660859368340348, -0.0026042062796485512]}, "phase_motional_global_spline_coeff": {"c0": [0.0, 0.0, 0.0, 0.0, 0.0, 0.0, 0.0, 0.0, 0.0, 0.0, 0.0, 0.0, 0.0, 0.0, 0.0, 0.0, 0.0, 0.0, 0.0, 0.0, 0.0, 0.0, 0.0, 0.0, 0.0, 0.0, 0.0, 0.0, 0.0, 0.0, 0.0, 0.0, 0.0, 0.0, 0.0, 0.0, 0.0, 0.0, 0.0, 0.0, 0.0, 0.0, 0.0, 0.0, 0.0, 0.0], "c1": [0.0, 0.0, 0.0, 0.0, 0.0, 0.0, 0.0, 0.0, 0.0, 0.0, 0.0, 0.0, 0.0, 0.0, 0.0, 0.0, 0.0, 0.0, 0.0, 0.0, 0.0, 0.0, 0.0, 0.0, 0.0, 0.0, 0.0, 0.0, 0.0, 0.0, 0.0, 0.0, 0.0, 0.0, 0.0, 0.0, 0.0, 0.0, 0.0, 0.0, 0.0, 0.0, 0.0, 0.0, 0.0, 0.0], "c2": [0.0, 0.0, 0.0, 0.0, 0.0, 0.0, 0.0, 0.0, 0.0, 0.0, 0.0, 0.0, 0.0, 0.0, 0.0, 0.0, 0.0, 0.0, 0.0, 0.0, 0.0, 0.0, 0.0, 0.0, 0.0, 0.0, 0.0, 0.0, 0.0, 0.0, 0.0, 0.0, 0.0, 0.0, 0.0, 0.0, 0.0, 0.0, 0.0, 0.0, 0.0, 0.0, 0.0, 0.0, 0.0, 0.0], "c3": [0.0, 0.0, 0.0, 0.0, 0.0, 0.0, 0.0, 0.0, 0.0, 0.0, 0.0, 0.0, 0.0, 0.0, 0.0, 0.0, 0.0, 0.0, 0.0, 0.0, 0.0, 0.0, 0.0, 0.0, 0.0, 0.0, 0.0, 0.0, 0.0, 0.0, 0.0, 0.0, 0.0, 0.0, 0.0, 0.0, 0.0, 0.0, 0.0, 0.0, 0.0, 0.0, 0.0, 0.0, 0.0, 0.0]}, "amplitude_norm_MHz_pi_phasespace_area": 1.1677200938044912}, {"number_spline_segments": 46, "edge_time_mu": 18020.0, "segment_time_mu": [170, 170, 170, 170, 170, 170, 170, 170, 510, 510, 510, 510, 510, 510, 510, 510, 510, 510, 510, 510, 510, 510, 510, 510, 510, 510, 510, 510, 510, 510, 510, 510, 510, 510, 510, 510, 510, 510, 170, 170, 170, 170, 170, 170, 170, 170], "delay_from_prev_edge_mu": 0, "idx_ion_driven": 3, "amplitude_ind_spline_coeff": {"c0": [0.015786772540892367, 0.03977298779507767, 0.08427123618325728, 0.14364264137282304, 0.22487319326502855, 0.31696920769504655, 0.39687213593082393, 0.4461705851545918, 0.470205020221286, 0.5355359934113427, 0.5738511476647744, 0.5167530532691338, 0.5104333136598924, 0.539626749214406, 0.5111025579792129, 0.4839572284224377, 0.48882812923147667, 0.4976445512647177, 0.5400196137089605, 0.5811060190481304, 0.5341597308355037, 0.4758612410859573, 0.4971427954115001, 0.5302924344088997, 0.4969869268891064, 0.47600134181055603, 0.5344688347146928, 0.5811712742169394, 0.5397636316017558, 0.4973842849907158, 0.48878239412123714, 0.4841222555918012, 0.511227651177927, 0.5395939877738924, 0.5104559788930692, 0.516961062831608, 0.5737395126277994, 0.5356920335533198, 0.4693232336664762, 0.4454793577946524, 0.3955506146287645, 0.31517434173932035, 0.2230836953549683, 0.14222463744722458, 0.08273147834386343, 0.03934313584242268],