{"gate_name": "Milburn_single_ion_rectangular_loop_v1", "chain_length": 3, "idx_ion_convention": "leftmost is 0", "radial_freq_MHz": [3.023, 2.936, 2.812, 3.2897013, 3.2112344, 3.0980639], "calculated_drive_freq_MHz": 2.812, "edges": [{"number_spline_segments": 46, "edge_time_mu": 10600, "segment_time_mu": [100, 100, 100, 100, 100, 100, 100, 100, 300, 300, 300, 300, 300, 300, 300, 300, 300, 300, 300, 300, 300, 300, 300, 300, 300, 300, 300, 300, 300, 300, 300, 300, 300, 300, 300, 300, 300, 300, 100, 100, 100, 100, 100, 100, 100, 100], "delay_from_prev_edge_mu": 0, "idx_ion_driven": 0, "amplitude_ind_spline_coeff": {"c0": [0.0005710239587604894, 0.009819775676068758, 0.06227497341521537, 0.10956869105368189, 0.18010595363185355, 0.2730364576509619, 0.373559851009308, 0.448087041277849, 0.4665141113684244, 0.3932138496260395, 0.4300129637103506, 0.4100391299562917, 0.39486760938774346, 0.40249907769799553, 0.39763883426050545, 0.4117769498333804, 0.42934632469291983, 0.42442253099782845, 0.4202034776087188, 0.41206325832683216, 0.3998930931671323, 0.4057061658256986, 0.41234043557329775, 0.4103574392897929, 0.4122924286135479, 0.4056936333298473, 0.39990852427888657, 0.41210750514228683, 0.42029065405459837, 0.4244395082842679, 0.4292701336430728, 0.41172040662188103, 0.3975737304954255, 0.40244527985218864, 0.395012149832736, 0.41007955757969683, 0.429739515051706, 0.3947652746986924, 0.4654149530102543, 0.4471182003704317, 0.37168054839153924, 0.2710143445556642, 0.17844713386025585, 0.10840105784373749, 0.05874602464938259, 0.010738703225202323], "c1": [0.003705381100372149, 0.04904582302533944, 0.0371017855381018, 0.05825566149414838, 0.0825053512395286, 0.10057512850019848, 0.09459000339840473, 0.0492379582150265, -0.061056688064895434, 0.006047958886801338, 0.021026449165034034, -0.03876600808443459, 0.00776347650654706, -7.598252719840282e-05, -0.0014864581501496605, 0.025392971947425028, 0.004839002036591331, -0.00877703165931255, -0.0016881524009576762, -0.014642310823394034, -0.004939962284810604, 0.012305774025402087, -0.00044001194866988296, -0.0003785156411290852, 0.0010158443931953588, -0.012043899547461866, 0.003924202441012574, 0.015291993304165715, 0.0018112032578623816, 0.007895081999886477, -0.0035834997529818457, -0.025626517542696722, 0.00018776623867142382, 0.002000615818079337, -0.008971688824781051, 0.036927944208040527, -0.01312955244456983, -0.029505565852699134, 0.01175701222981879, -0.04939420952363662, -0.09509651226149483, -0.1008535036727714, -0.08235246043243807, -0.05790716503840121, 0.011813761555478907, -0.0281025603933449], "c2": [-0.00466464362858047, 0.059155865697084996, 0.009285496720790503, 0.012256743185688396, 0.012726181114070567, 0.00589609717201289, -0.01367919699305419, -0.03444124308888317, -0.12382667602135332, 0.08547924142251398, -0.06584127186523625, 0.023439003253259264, 0.009373862256084638, -0.01464669930392046, 0.020062312677423096, -0.0015863897835628933, -0.016722763277779065, 0.006965997450561197, -0.005854513859410488, -0.0035161199552150757, 0.015486497574945746, -0.0037639518210621455, -0.005515411268920625, 0.0063655032988360035, -0.00971736446821667, 0.0016655840164363253, 0.014331385942215426, -0.00791286288666748, 0.00011159494276761074, 0.0038931449139403677, -0.02045792800811291, 0.0073450729335098235, 0.014511515182919413, -0.019315222874247372, 0.024849362758840785, 0.007334956385849938, -0.07871054895273945, 0.21720133094267582, -0.02798499401467827, -0.03250828761683729, -0.011426844764434594, 0.006053076182974069, 0.012359111748632572, 0.011952298189245156, -0.13176969907310115, 0.02924639925772701], "c3": [0.011744389452093917, -0.05843031300706678, 0.0009033134918511387, 2.000481174130999e-05, -0.0023017554792799585, -0.005926492770396966, -0.006364425303398563, 0.002301789073566968, 0.11314582413531198, -0.054878785620860106, 0.024642893199421284, 0.00034338209738177966, -0.009562404941502501, 0.009795493839190506, -0.004330187864408961, -0.006282611274009889, 0.006923341799100353, -0.002336166346411448, -0.0006505259799576401, 0.005974774837721155, -0.004668436955736075, -0.0019584016480075463, 0.0039728954663726885, -0.0040017201472302, 0.00203737845869985, 0.004607679703657605, -0.006004365486688015, 0.0007319602354563674, 0.002263810473974942, -0.006913442534016742, 0.006384244501560767, 0.004203209609271656, -0.009773174495143972, 0.009693739048203587, -0.0006079645046498109, -0.024460479980314854, 0.05530906175573818, -0.11573110658695802, -0.0020888293903033165, 0.006444041471053603, 0.005858112939428386, 0.0022380560354931345, -4.964619366240541e-05, -0.0009109731192956593, 0.07082123470178156, -0.011375023862122607]}, "phase_motional_global_spline_coeff": {"c0": [0.0, 0.0, 0.0, 0.0, 0.0, 0.0, 0.0, 0.0, 0.0, 0.0, 0.0, 0.0, 0.0, 0.0, 0.0, 0.0, 0.0, 0.0, 0.0, 0.0, 0.0, 0.0, 0.0, 0.0, 0.0, 0.0, 0.0, 0.0, 0.0, 0.0, 0.0, 0.0, 0.0, 0.0, 0.0, 0.0, 0.0, 0.0, 0.0, 0.0, 0.0, 0.0, 0.0, 0.0, 0.0, 0.0], "c1": [0.0, 0.0, 0.0, 0.0, 0.0, 0.0, 0.0, 0.0, 0.0, 0.0, 0.0, 0.0, 0.0, 0.0, 0.0, 0.0, 0.0, 0.0, 0.0, 0.0, 0.0, 0.0, 0.0, 0.0, 0.0, 0.0, 0.0, 0.0, 0.0, 0.0, 0.0, 0.0, 0.0, 0.0, 0.0, 0.0, 0.0, 0.0, 0.0, 0.0, 0.0, 0.0, 0.0, 0.0, 0.0, 0.0], "c2": [0.0, 0.0, 0.0, 0.0, 0.0, 0.0, 0.0, 0.0, 0.0, 0.0, 0.0, 0.0, 0.0, 0.0, 0.0, 0.0, 0.0, 0.0, 0.0, 0.0, 0.0, 0.0, 0.0, 0.0, 0.0, 0.0, 0.0, 0.0, 0.0, 0.0, 0.0, 0.0, 0.0, 0.0, 0.0, 0.0, 0.0, 0.0, 0.0, 0.0, 0.0, 0.0, 0.0, 0.0, 0.0, 0.0], "c3": [0.0, 0.0, 0.0, 0.0, 0.0, 0.0, 0.0, 0.0, 0.0, 0.0, 0.0, 0.0, 0.0, 0.0, 0.0, 0.0, 0.0, 0.0, 0.0, 0.0, 0.0, 0.0, 0.0, 0.0, 0.0, 0.0, 0.0, 0.0, 0.0, 0.0, 0.0, 0.0, 0.0, 0.0, 0.0, 0.0, 0.0, 0.0, 0.0, 0.0, 0.0, 0.0, 0.0, 0.0, 0.0, 0.0]}, "amplitude_norm_MHz_pi_phasespace_area": 0.9861582275094561}, {"number_spline_segments": 46, "edge_time_mu": 10600, "segment_time_mu": [100, 100, 100, 100, 100, 100, 100, 100, 300, 300, 300, 300, 300, 300, 300, 300, 300, 300, 300, 300, 300, 300, 300, 300, 300, 300, 300, 300, 300, 300, 300, 300, 300, 300, 300, 300, 300, 300, 100, 100, 100, 100, 100, 100, 100, 100], "delay_from_prev_edge_mu": 0, "idx_ion_driven": 2, "amplitude_ind_spline_coeff": {"c0": [0.0005795442917915486, 0.009966334828426055, 0.06320664618048072, 0.11121672756593672, 0.182852236314901, 0.27732183985839226, 0.3797023124918824, 0.4558035756323976, 0.4746587330773087, 0.39975279048473344, 0.4373283771537737, 0.41692617581900154, 0.40143950772575776, 0.4092285671900977, 0.40426767480153114, 0.41870084747538006, 0.43664722273122053, 0.4316165383352394, 0.42730666734570744, 0.4189932043165896, 0.40656850288658314, 0.412502469235528, 0.4192762133492401, 0.4172513610176493, 0.41922718295584954, 0.4124896784169002, 0.4065842876998288, 0.4190383362049498, 0.4273957187379017, 0.4316339083728056, 0.43656939851863297, 0.4186430562534919, 0.4042012729117959, 0.40917365542217177, 0.40158685369992025, 0.416967764073678, 0.43705020149994633, 0.4013390070946682, 0.4735298655325115, 0.4548133990382254, 0.3777857641464834, 0.2752645293143541, 0.18116701154131407, 0.1100312743320017, 0.05962486520893303, 0.010898965063685538],