{"gate_name": "Milburn_single_ion_rectangular_loop_v1", "chain_length": 3, "idx_ion_convention": "leftmost is 0", "radial_freq_MHz": [3.029, 2.942, 2.817, 3.2897013, 3.2112344, 3.0980639], "calculated_drive_freq_MHz": 2.817, "edges": [{"number_spline_segments": 46, "edge_time_mu": 14750, "segment_time_mu": [139, 139, 139, 139, 139, 139, 139, 139, 417, 417, 417, 417, 417, 417, 417, 417, 417, 417, 417, 417, 417, 417, 417, 417, 417, 417, 417, 417, 417, 417, 417, 417, 417, 417, 417, 417, 417, 417, 139, 139, 139, 139, 139, 139, 139, 139], "delay_from_prev_edge_mu": 0, "idx_ion_driven": 0, "amplitude_ind_spline_coeff": {"c0": [7.929567808530232e-07, 0.0007643431369177709, 0.011079638436404126, 0.025862539925918394, 0.056470330938178576, 0.11345062758341316, 0.2024695267241608, 0.30145077642637347, 0.3537541779584967, 0.2861826148165673, 0.32873230608944287, 0.33670974076104704, 0.32795966689381933, 0.31940591160736775, 0.30379993222045226, 0.3093998321570801, 0.322921167156033, 0.3197819721484148, 0.31630862485455924, 0.3231122408097221, 0.3303982139029479, 0.3275398060778623, 0.3110084647413381, 0.2998480333206787, 0.3110982037289457, 0.3276197830564103, 0.3303796817048529, 0.3230534683927898, 0.31631260265743955, 0.3197951933923172, 0.3228718900365555, 0.3093619003072272, 0.30381729044594363, 0.31946406048318815, 0.32810498795772985, 0.3366424378145087, 0.3283375421703674, 0.2883817705629699, 0.3516178915545503, 0.29981168488326027, 0.2004469689543819, 0.111974123265389, 0.055630234977057574, 0.025442843363696396, 0.010338712916210238, 0.0009080997738457369], "c1": [0.0004303455383269652, 0.005337299466544298, 0.009774767497251199, 0.021134225945158798, 0.04184990597315204, 0.07282969471511624, 0.10106811894926737, 0.08645117641222884, 0.0002832498743423617, 0.0008323711008343016, 0.04140452234954099, -0.013427902492559379, -0.0032914231420294307, -0.015786451641640668, -0.009153983343350087, 0.016762490055631497, 0.005812236425794769, -0.007998167868017828, 0.0024036245475642076, 0.009020718186259555, 0.004027156164299519, -0.010317858823429135, -0.019066379659245083, -0.0003811820091285098, 0.019078567077416096, 0.010822033197158869, -0.003960965241667272, -0.009006062968008094, -0.002859755484638661, 0.007788790400492974, -0.00478892570628739, -0.01700217863795251, 0.0081049432212882, 0.016846038872018045, 0.0026463943193289754, 0.012695665511317044, -0.03456260585832563, -0.03637008662819051, -0.011455137269822292, -0.08651613504928479, -0.1017862466331401, -0.07278330245042203, -0.04140431950197968, -0.020748933533699727, 0.00027341913321566463, -0.003098598995638476], "c2": [-0.0012484686714086812, 0.018261823624374354, 0.0037398517722593144, 0.007601647841628311, 0.013716054288499481, 0.019319498876395804, 0.009569320357634937, -0.031579044270996205, -0.23435042823062324, 0.09152166873771944, -0.04659798302327956, 0.0036032774436922446, -0.002282804869121315, -0.0074475986429835515, 0.018261752263766768, 0.0023634262326835127, -0.013379368136057843, 0.002695586151814186, 0.006602186444861942, -5.428923077661806e-05, -0.0056685932208916075, -0.0100228893889821, 0.004089710277535447, 0.015521768144817032, 0.0011737756934946323, -0.009294616072130195, -0.0050397573222696335, 4.7299840411048156e-05, 0.008273290436039292, -0.00034144608849100296, -0.014468283002129075, 0.008143790342981449, 0.015186671633503287, -0.011439221706172207, 0.007381788162161805, -0.008000289629441834, -0.05790667830540485, 0.2738316659441464, -0.045276089237208536, -0.024324268771036536, 0.010356548099811602, 0.01787920817850349, 0.013075473067360817, 0.007447156611092476, -0.02584667759935555, 0.0039000409029068778], "c3": [0.001798858409040983, -0.013822550544344317, 0.001267545568013366, 0.0018656818245137842, 0.0013976714113760691, -0.0031249255935553036, -0.011582455456591697, -0.004463951816847118, 0.16867245400846445, -0.04993969224373873, 0.013028322507597468, 0.0011917706586537168, -0.0030273935683702356, 0.007591056501035128, -0.0034381578268885904, -0.005617999630863744, 0.004391364815345348, 0.00184941849756766, -0.002201091186413658, -0.0016728088643047606, -0.0012081924229212593, 0.0037744230684167543, 0.0038164548444509995, -0.0038555302106003165, -0.0037398079726013904, 0.0012250305723494335, 0.0016732315787050152, 0.0021978325774944484, -0.0018939797540251495, -0.0043579549563999165, 0.0056775662114282146, 0.003351740458374848, -0.007598049070824681, 0.003116796242204521, -0.001345315085811503, -0.012870220155351265, 0.050339435375156644, -0.1723622142872007, 0.004851249716552046, 0.011471620695152665, 0.0029733751297471326, -0.0014337355769233015, -0.0018578620585923782, -0.0012544454802117207, 0.016014333076045197, -0.0017150173962483914]}, "phase_motional_global_spline_coeff": {"c0": [0.0, 0.0, 0.0, 0.0, 0.0, 0.0, 0.0, 0.0, 0.0, 0.0, 0.0, 0.0, 0.0, 0.0, 0.0, 0.0, 0.0, 0.0, 0.0, 0.0, 0.0, 0.0, 0.0, 0.0, 0.0, 0.0, 0.0, 0.0, 0.0, 0.0, 0.0, 0.0, 0.0, 0.0, 0.0, 0.0, 0.0, 0.0, 0.0, 0.0, 0.0, 0.0, 0.0, 0.0, 0.0, 0.0], "c1": [0.0, 0.0, 0.0, 0.0, 0.0, 0.0, 0.0, 0.0, 0.0, 0.0, 0.0, 0.0, 0.0, 0.0, 0.0, 0.0, 0.0, 0.0, 0.0, 0.0, 0.0, 0.0, 0.0, 0.0, 0.0, 0.0, 0.0, 0.0, 0.0, 0.0, 0.0, 0.0, 0.0, 0.0, 0.0, 0.0, 0.0, 0.0, 0.0, 0.0, 0.0, 0.0, 0.0, 0.0, 0.0, 0.0], "c2": [0.0, 0.0, 0.0, 0.0, 0.0, 0.0, 0.0, 0.0, 0.0, 0.0, 0.0, 0.0, 0.0, 0.0, 0.0, 0.0, 0.0, 0.0, 0.0, 0.0, 0.0, 0.0, 0.0, 0.0, 0.0, 0.0, 0.0, 0.0, 0.0, 0.0, 0.0, 0.0, 0.0, 0.0, 0.0, 0.0, 0.0, 0.0, 0.0, 0.0, 0.0, 0.0, 0.0, 0.0, 0.0, 0.0], "c3": [0.0, 0.0, 0.0, 0.0, 0.0, 0.0, 0.0, 0.0, 0.0, 0.0, 0.0, 0.0, 0.0, 0.0, 0.0, 0.0, 0.0, 0.0, 0.0, 0.0, 0.0, 0.0, 0.0, 0.0, 0.0, 0.0, 0.0, 0.0, 0.0, 0.0, 0.0, 0.0, 0.0, 0.0, 0.0, 0.0, 0.0, 0.0, 0.0, 0.0, 0.0, 0.0, 0.0, 0.0, 0.0, 0.0]}, "amplitude_norm_MHz_pi_phasespace_area": 0.7661963106192402}, {"number_spline_segments": 46, "edge_time_mu": 14750, "segment_time_mu": [139, 139, 139, 139, 139, 139, 139, 139, 417, 417, 417, 417, 417, 417, 417, 417, 417, 417, 417, 417, 417, 417, 417, 417, 417, 417, 417, 417, 417, 417, 417, 417, 417, 417, 417, 417, 417, 417, 139, 139, 139, 139, 139, 139, 139, 139], "delay_from_prev_edge_mu": 0, "idx_ion_driven": 2, "amplitude_ind_spline_coeff": {"c0": [8.047890692157732e-07, 0.0007757493511722178, 0.01124498961166063, 0.026248643397539496, 0.05731476203940539, 0.11515803726929326, 0.20557501155851962, 0.3062363392142073, 0.35951333922310147, 0.29069777844911543, 0.3340150826158491, 0.34214158748604157, 0.3332283021533102, 0.32451691775786096, 0.3086277028693392, 0.31432860839907995, 0.32809671191325823, 0.3248998323393204, 0.3213629401760528, 0.3282913135495084, 0.3357121378239238, 0.332800690749673, 0.31596635462671935, 0.30460499876172165, 0.31605773952773714, 0.33288211892459424, 0.3356932737573622, 0.3282314586375999, 0.3213669848287851, 0.32491329777753925, 0.32804655266637855, 0.31428995002777327, 0.30864542979099474, 0.32457607381175513, 0.33337633196168615, 0.3420728947346395, 0.3336139603273848, 0.292939534719334, 0.35733239551743606, 0.30456827774928136, 0.20351942266420067, 0.1136589354543534, 0.0564620749428522, 0.02582268110305791, 0.010493007173149669, 0.0009216511260225033],