{"gate_name": "Milburn_single_ion_rectangular_loop_v1", "chain_length": 4, "idx_ion_convention": "leftmost is 0", "radial_freq_MHz": [3.032, 2.974, 2.89, 2.786], "calculated_drive_freq_MHz": 2.786, "edges": [{"number_spline_segments": 46, "edge_time_mu": 21200, "segment_time_mu": [200, 200, 200, 200, 200, 200, 200, 200, 600, 600, 600, 600, 600, 600, 600, 600, 600, 600, 600, 600, 600, 600, 600, 600, 600, 600, 600, 600, 600, 600, 600, 600, 600, 600, 600, 600, 600, 600, 200, 200, 200, 200, 200, 200, 200, 200], "delay_from_prev_edge_mu": 0, "idx_ion_driven": 0, "amplitude_ind_spline_coeff": {"c0": [0.01103775941363629, 0.03284954809743794, 0.07911079271307214, 0.14584167278848503, 0.2406044922053698, 0.34377488981418003, 0.4136626146970497, 0.42846326159365533, 0.41643167748792004, 0.4236672422035623, 0.41471029499313455, 0.4088520469720142, 0.4227149223561344, 0.40111742156216723, 0.40181775622851823, 0.4197939681353545, 0.41963905907875804, 0.41783872142418355, 0.40953104246350924, 0.4082147589725433, 0.4134317936112693, 0.40293140916934966, 0.41260639912497565, 0.43114247205560113, 0.4125682131272362, 0.4028687271616173, 0.41346119676483406, 0.40824314746495827, 0.4095092294992258, 0.4179159885810531, 0.4196440370038189, 0.41967685560088747, 0.4018371586432773, 0.40113930693459543, 0.4226926921779038, 0.4089890956018103, 0.41452415803398107, 0.42396813848241943, 0.41627591120328683, 0.42854262137105353, 0.41281634687090946, 0.34192649234750655, 0.2385198207122129, 0.14420371376975943, 0.07744998681670917, 0.03243765994878026], "c1": [0.012731152050242361, 0.037920648129721145, 0.05199412264535307, 0.08144402820896866, 0.10440930306260268, 0.09460262688537072, 0.041860197181813406, -0.006246338125839674, -0.0493723495898175, 0.028168451358952944, -0.03140862534235636, 0.02045430864084095, -0.0054540691955953504, -0.02299731959542661, 0.020811764297795004, 0.008198123490084567, -0.0032710297914107333, -0.002828242641212527, -0.010655159939227563, 0.008090568256183138, -0.0030378276189746024, -0.009642184656441847, 0.026132864882959447, 0.0011865204000607442, -0.027110573548388455, 0.00845583769406514, 0.004662638587734314, -0.008754978210578334, 0.01033926845005838, 0.0033881518967943925, 0.0024891044222697884, -0.006809145763634082, -0.021439806744560023, 0.02121103573937822, 0.008552260774377495, -0.022429620628789435, 0.03114320631408764, -0.026404573402503014, 0.012792186801675714, 0.005794446235801284, -0.04179772382544488, -0.09482559024176526, -0.10477741198497657, -0.0813364974499637, -0.04051341574414328, -0.03423334418152052], "c2": [0.005918619435423095, 0.019396584167430467, 0.014241326046175989, 0.016412190467796645, 0.0066804771454633625, -0.02013884917837794, -0.03309494772407426, -0.012228831208329445, 0.0959872802882264, -0.053334415880251757, 0.02341484732076109, 0.009426713914663258, -0.03328606798502046, 0.026988002449994438, 0.00549013993343571, -0.014452373352739002, 0.0047714202491567674, -0.009251705873256346, 0.008768752460516801, 0.0043279002572570386, -0.017513468688606853, 0.021495154325433693, 0.004890717459395493, -0.03247867521496408, 0.01565173512112034, 0.012003095486091063, -0.017218293793631375, 0.010860141798437178, 0.0016294749139978612, -0.0048591620792222, 0.00369787334200096, -0.019688242770177375, 0.017910573695720754, 0.01737333199889096, -0.038785364119985684, 0.031088721774620263, -0.006733214418825613, -0.01916558864236094, 0.005631284905597659, -0.015649374844726335, -0.03390982723008354, -0.0164112181154125, 0.007481474456141909, 0.01573492325996862, -0.018925689656844203, 0.0159985013780856], "c3": [0.0034445312174442373, -0.011666587180688496, 0.00048708190401326637, -0.0030875159997102637, -0.007882382014895882, -0.004585275426802679, 0.006001781718917754, 0.006026412987686849, -0.03893821198138512, 0.015842499045771, 0.00239768418327789, -0.01608423147102004, 0.017026564438131567, -0.0031407077880917936, -0.008388866652103675, 0.006086731996088489, -0.0032485133344353962, 0.003686691385619914, 0.0006495700921257329, -0.007198912754313573, 0.009936599663029228, -0.002047281206837413, -0.012488695114379696, 0.012588392413391438, 0.001874576774718997, -0.00987078427430511, 0.00725924994304525, -0.0007533790626339106, -0.0036151693048611442, 0.0032131276061526525, -0.00609240657980165, 0.008508068198933297, 0.002949828149901938, -0.01696841047178638, 0.016268771600689527, -0.0027534638611718515, -0.015424079690271856, 0.03831129655155067, -0.006122560138420466, -0.005863616338177577, 0.0047808596440293, 0.007824858882242018, 0.0029882030004317094, -0.0005284968426703136, 0.014229773679882958, -0.003416383328517739]}, "phase_motional_global_spline_coeff": {"c0": [0.0, 0.0, 0.0, 0.0, 0.0, 0.0, 0.0, 0.0, 0.0, 0.0, 0.0, 0.0, 0.0, 0.0, 0.0, 0.0, 0.0, 0.0, 0.0, 0.0, 0.0, 0.0, 0.0, 0.0, 0.0, 0.0, 0.0, 0.0, 0.0, 0.0, 0.0, 0.0, 0.0, 0.0, 0.0, 0.0, 0.0, 0.0, 0.0, 0.0, 0.0, 0.0, 0.0, 0.0, 0.0, 0.0], "c1": [0.0, 0.0, 0.0, 0.0, 0.0, 0.0, 0.0, 0.0, 0.0, 0.0, 0.0, 0.0, 0.0, 0.0, 0.0, 0.0, 0.0, 0.0, 0.0, 0.0, 0.0, 0.0, 0.0, 0.0, 0.0, 0.0, 0.0, 0.0, 0.0, 0.0, 0.0, 0.0, 0.0, 0.0, 0.0, 0.0, 0.0, 0.0, 0.0, 0.0, 0.0, 0.0, 0.0, 0.0, 0.0, 0.0], "c2": [0.0, 0.0, 0.0, 0.0, 0.0, 0.0, 0.0, 0.0, 0.0, 0.0, 0.0, 0.0, 0.0, 0.0, 0.0, 0.0, 0.0, 0.0, 0.0, 0.0, 0.0, 0.0, 0.0, 0.0, 0.0, 0.0, 0.0, 0.0, 0.0, 0.0, 0.0, 0.0, 0.0, 0.0, 0.0, 0.0, 0.0, 0.0, 0.0, 0.0, 0.0, 0.0, 0.0, 0.0, 0.0, 0.0], "c3": [0.0, 0.0, 0.0, 0.0, 0.0, 0.0, 0.0, 0.0, 0.0, 0.0, 0.0, 0.0, 0.0, 0.0, 0.0, 0.0, 0.0, 0.0, 0.0, 0.0, 0.0, 0.0, 0.0, 0.0, 0.0, 0.0, 0.0, 0.0, 0.0, 0.0, 0.0, 0.0, 0.0, 0.0, 0.0, 0.0, 0.0, 0.0, 0.0, 0.0, 0.0, 0.0, 0.0, 0.0, 0.0, 0.0]}, "amplitude_norm_MHz_pi_phasespace_area": 0.919862424756531}, {"number_spline_segments": 46, "edge_time_mu": 21200, "segment_time_mu": [200, 200, 200, 200, 200, 200, 200, 200, 600, 600, 600, 600, 600, 600, 600, 600, 600, 600, 600, 600, 600, 600, 600, 600, 600, 600, 600, 600, 600, 600, 600, 600, 600, 600, 600, 600, 600, 600, 200, 200, 200, 200, 200, 200, 200, 200], "delay_from_prev_edge_mu": 0, "idx_ion_driven": 3, "amplitude_ind_spline_coeff": {"c0": [0.011201616644903812, 0.03333751777344063, 0.08028995048811727, 0.1480372932924555, 0.24431805177400195, 0.3493110028870362, 0.42058989081574777, 0.43570702901383984, 0.4234172911209947, 0.43080735250893193, 0.4216596944588018, 0.415678609109049, 0.4298349911868626, 0.4077831371760243, 0.40849812262147445, 0.4268514219235245, 0.42669321898787027, 0.42485459212408283, 0.4163716975562852, 0.4150279316505685, 0.4203544571071475, 0.4096346588452183, 0.41951172283836563, 0.4384444453825726, 0.4194725525320044, 0.40957080822472186, 0.4203844321682451, 0.41505687418062037, 0.4163494632831517, 0.42493348476812426, 0.42669830410006077, 0.42673189479132156, 0.40851774663692564, 0.40780579550052726, 0.42981216150434204, 0.4158182526589523, 0.4214696980861295, 0.431114881113127, 0.4232586565813823, 0.43578790771295023, 0.4197261021436987, 0.34742793142003114, 0.2421984283358197, 0.14637396528163743, 0.07860428078794737, 0.03291950315087915],