{"gate_name": "Milburn_single_ion_rectangular_loop_v1", "chain_length": 3, "idx_ion_convention": "leftmost is 0", "radial_freq_MHz": [3.027, 2.939, 2.8127, 3.2897013, 3.2112344, 3.0980639], "calculated_drive_freq_MHz": 2.8127, "edges": [{"number_spline_segments": 46, "edge_time_mu": 10600, "segment_time_mu": [100, 100, 100, 100, 100, 100, 100, 100, 300, 300, 300, 300, 300, 300, 300, 300, 300, 300, 300, 300, 300, 300, 300, 300, 300, 300, 300, 300, 300, 300, 300, 300, 300, 300, 300, 300, 300, 300, 100, 100, 100, 100, 100, 100, 100, 100], "delay_from_prev_edge_mu": 0, "idx_ion_driven": 0, "amplitude_ind_spline_coeff": {"c0": [0.011344619066126743, 0.05800708423035809, 0.17281285791376616, 0.2698923619255919, 0.3730174114333964, 0.44133946204133867, 0.4399528327522847, 0.3865987250500954, 0.3339235281410206, 0.37458910084823693, 0.45942985656131463, 0.4013445344055465, 0.39039038163648765, 0.41262915245347936, 0.3758758312925257, 0.3687280483217599, 0.41131515025254817, 0.399187262071717, 0.3577310748674433, 0.3653757807900077, 0.37861379089926717, 0.3769205968967637, 0.4141664563795622, 0.44891107041124567, 0.413975388468693, 0.37675523565093927, 0.3785219564086615, 0.3653796354456371, 0.35786972861484756, 0.39928024725579014, 0.41126022110257643, 0.3686595050983679, 0.37594045826491523, 0.41264048393633285, 0.39050310621028, 0.40159087171206437, 0.45898816404434534, 0.37453534883137457, 0.3341235296563449, 0.38780704731768006, 0.4405969884024544, 0.4406120503099165, 0.371151664820042, 0.26778443008415725, 0.1671128663966263, 0.058979931733156014], "c1": [0.021308218085360868, 0.13770602163681378, 0.08571705488829076, 0.10494802725172646, 0.09416023143469478, 0.03673469660625318, -0.03521357906180989, -0.06211570104655803, -0.13073462432372315, 0.14911610479406961, -0.008236638380560839, -0.0644319253719528, 0.0330611273555444, -0.006832826776087025, -0.045529613271817954, 0.03236949635665949, 0.031445132940689124, -0.04723292634244345, -0.021289721029830476, 0.025713658554402843, -0.0022227211218000943, 0.01034375057692054, 0.05494922643553184, 0.0016146827595129808, -0.05573096548125052, -0.01275993319159494, 0.004277586181549437, -0.02493410053132555, 0.018144270082128384, 0.048487321324284245, -0.028163966721242238, -0.0355377177599465, 0.04375727515062579, 0.011535015894268067, -0.03474938056121329, 0.058381245709961185, 0.01741105317461597, -0.14750479760602883, 0.039315883378550555, 0.06166643674032541, 0.034959081067236684, -0.03691138254926985, -0.09475577448723843, -0.1053388813307772, -0.018586142545389133, -0.09396048556872019], "c2": [0.009295606148571065, 0.0321688625829488, 0.014287994830907681, 0.005492293022790397, -0.018691431399201517, -0.04167047830536265, -0.028062159235211694, 0.003031518905617842, 0.23858448051064024, -0.026491640437197407, -0.10044467684337678, 0.061950136132034206, 0.01258265815161359, -0.05379023972075349, 0.034082680899733014, 0.03577479955390617, -0.051203800503626454, -0.012185134481573278, 0.04106748039412038, -0.0075815934188029396, -0.014005002059187081, 0.03580713510386191, -0.0034427772305933193, -0.05362297505469125, 0.010049864666573836, 0.029107968682477163, -0.0227725203006357, 0.005580541038372365, 0.04159361725257665, -0.02950271024804648, -0.040015351929917266, 0.04777897855258892, 0.016490163140792363, -0.057681819605214193, 0.038243676825136456, 0.050025352365088434, -0.14191628749631627, 0.0423632047248862, 0.020328378316612442, 0.001064415473210853, -0.03169125797836221, -0.039817457797660466, -0.01582307712532868, 0.005805216435261439, -0.17036007475653805, 0.06460739265918292], "c3": [0.01896933511237236, -0.0588073547445948, -0.002925094108417285, -0.007287787465758988, -0.0071284120711921604, 0.0035134680057429205, 0.009905051746557722, 0.00582284299465209, -0.06632385547075331, -0.03827707689468569, 0.050448672768663744, -0.008158978830215992, -0.023453083779031183, 0.023656197077020158, 0.004446225067891798, -0.02542503614921766, 0.00742204779962906, 0.01796968462453289, -0.011974309266737334, -0.005000347203125102, 0.014452988451848578, -0.008740931766124557, -0.016763174310179752, 0.016909521867500117, 0.008544011967475645, -0.014476606987016643, 0.005193264154724053, 0.0118378319866025, -0.018118851283891308, -0.007139304343125697, 0.025433460688153102, -0.004744909759733395, -0.023503326047992313, 0.02369669507521931, 0.007746013017325459, -0.0505220835261066, 0.03918338245316334, 0.0653291354902019, -0.005943520164224139, -0.009905581424181995, -0.0032722183099437954, 0.007241551155420853, 0.007211485387303865, 0.0028452481249342508, 0.07842226245559171, -0.018695509753241326]}, "phase_motional_global_spline_coeff": {"c0": [-1.2298006452005367e-06, 0.0028687746906337114, 0.005305806976931869, 0.006636462671849076, 0.00569073611091225, 0.0002943778691888727, -0.01326111038488062, -0.039293817989589155, -0.07518080519539812, -0.10564580808128392, -0.047155473186147406, 0.008691568225031074, 0.04358510021570155, 0.04101130856273315, 0.015887264687061493, -0.008991796241120405, 0.004424664445185284, 0.03619349184867772, 0.04420076638311448, 0.0022898126046322414, -0.05535888955504073, -0.09267656478002213, -0.06756348965472582, 0.0002679278886676777, 0.06784572212085033, 0.09267898599973, 0.05498691499128172, -0.0026525035986042947, -0.04429295055153993, -0.03604845174343986, -0.004239856817367776, 0.008932852369073414, -0.016048107486767008, -0.041163392773968896, -0.043406509143445286, -0.008448970927380381, 0.04770777076217453, 0.1050497831048649, 0.07545731623025327, 0.038639705732714816, 0.012865539809824517, -0.0004868621613136288, -0.0057691447975502875, -0.006656796468364513, -0.005297728173342363, -0.0028478788803672677], "c1": [0.00283435307930094, 0.002742400039791233, 0.0020155144061970143, 0.00043631941792215853, -0.0027150273411570515, -0.008720352618343067, -0.019082173741845197, -0.03259375311055475, -0.13544718208564177, 0.05336097798847663, 0.0566004968176363, 0.05321165549152759, 0.013281989254183455, -0.014740129099478682, -0.033108360465654615, -0.00795011105345116, 0.028712720313334526, 0.02861593853226242, -0.018202847357517583, -0.05675726148464247, -0.05402236831897233, -0.012111185349987206, 0.056101829022332336, 0.07255437499073511, 0.05638097683918215, -0.010935252374616527, -0.05455242308745131, -0.05651445384692096, -0.01934735241835833, 0.02843919866933976, 0.02901652238947097, -0.00673618567589418, -0.03352639212678932, -0.014610434496872254, 0.012569868439853842, 0.05322562291370075, 0.05508221399895502, 0.06264054493341037, -0.03833824132397368, -0.03273766362711946, -0.018963435398050555, -0.00854553689006474, -0.0025979845326016505, 0.0004993136981286826, 0.002046142318941772, 0.002754604041647165], "c2": [0.00023968844278527936, -0.0002012950837837643, -0.0004992210510796485, -0.0010326093573141792, -0.0020591401523949292, -0.00399996578092447, -0.006942991183873819, -0.007313473715039308, 0.11956574767195269, 0.013123787689903639, 0.0015604170227311255, -0.01427860652279495, -0.019390220477985873, -0.012496270323164135, -0.0019725351314057124, 0.027043457484468642, 0.009715266291885915, -0.01352661184718381, -0.03277439565833906, -0.004950513221649487, 0.00631792396875348, 0.04318198870709813, 0.018576950611719604, 0.0020630999781602976, -0.025873347991502153, -0.037056168990041945, -0.007170423877433488, 0.005823985303203285, 0.03481388042092955, 0.009971089727348552, -0.010196538060327172, -0.028576315299385525, 0.006456729811217462, 0.008665433259364206, 0.026741676706295375, 0.004865154169542398, 0.011646124046918714, -0.08126417743178924, -0.0014089131472371959, 0.007009807461799684, 0.006442302748090582, 0.003878232788837258, 0.0020555297879706787, 0.0010432840763145237, 0.0005068338641483294, 0.0002061703886382764],