{"gate_name": "Milburn_single_ion_rectangular_loop_v1", "chain_length": 4, "idx_ion_convention": "leftmost is 0", "radial_freq_MHz": [3.034, 2.9745, 2.89, 2.7812], "calculated_drive_freq_MHz": 2.7812, "edges": [{"number_spline_segments": 46, "edge_time_mu": 15900.0, "segment_time_mu": [150, 150, 150, 150, 150, 150, 150, 150, 450, 450, 450, 450, 450, 450, 450, 450, 450, 450, 450, 450, 450, 450, 450, 450, 450, 450, 450, 450, 450, 450, 450, 450, 450, 450, 450, 450, 450, 450, 150, 150, 150, 150, 150, 150, 150, 150], "delay_from_prev_edge_mu": 0, "idx_ion_driven": 0, "amplitude_ind_spline_coeff": {"c0": [0.03607590177597506, 0.08071974907059358, 0.15420320342736693, 0.24274063224097875, 0.35444208300241187, 0.47326866224558006, 0.5698707008386218, 0.6180739558071683, 0.621082270591037, 0.5782676948187528, 0.5623553635163605, 0.5456745902532292, 0.5791712741415356, 0.5913561718403889, 0.5604957642475951, 0.5747010977336351, 0.5884693549318498, 0.5551731500724927, 0.5610440707010872, 0.5931920113213786, 0.5690588114376744, 0.5438468083264282, 0.5760998547250065, 0.6057483557054198, 0.5758994037064145, 0.5438418762972616, 0.5691752736351536, 0.5931787394647356, 0.5609743290542357, 0.5552198607902447, 0.5884773496999174, 0.5747176227243637, 0.5605267414928028, 0.5913167924576502, 0.5791411358741311, 0.5455786468646291, 0.5623170910638136, 0.5790969360601751, 0.6206540596854767, 0.6176098260277647, 0.5683737397315171, 0.4710147173502681, 0.35206246637940675, 0.24071282785172243, 0.15173459053065938, 0.07996085291955576], "c1": [0.030411678933428204, 0.06894738327685399, 0.07502683591644917, 0.1013500104808611, 0.11909534460429388, 0.11344693687741624, 0.0754828953768791, 0.022034545175414193, -0.05093035057638007, -0.01329847575448457, -0.026540025251945463, 0.0055930797609909395, 0.04569769498337597, -0.024416664480819368, -0.01871378116026856, 0.035901237643460995, -0.01743851433860394, -0.029983932112331302, 0.03682044052978302, 0.010756728193513618, -0.04482786435607569, 0.003402916049823191, 0.04841099596023019, 0.001303784702464265, -0.04833093043258002, -0.006189596300297938, 0.044886631303328116, -0.007356902218109639, -0.038587182214188345, 0.027417190503480685, 0.020865905692183263, -0.03584104688823229, 0.015102111974480642, 0.02729736391333117, -0.044347199341102525, -0.009003925697431801, 0.029475600447565194, 0.005824931161328068, 0.011920661480250807, -0.022411869769054762, -0.07579187222544892, -0.11383814352053474, -0.11925760965327646, -0.10116848804808896, -0.05751526713873313, -0.06242763502512802], "c2": [0.011309822196500424, 0.02051908955053098, 0.013892976173896735, 0.012978980533621839, 0.00493531801184351, -0.01181436496730146, -0.02785424220737737, -0.02475374180978047, -0.018742666014804205, 0.007810471270601061, -0.006589268606281524, 0.04592682289464995, -0.02774296570715855, -0.029332118693018827, 0.04493815224177793, -0.009505997518884993, -0.03838830177583177, 0.03927117760019129, 0.01611398710562679, -0.049570302969343935, 0.007427745728497035, 0.041994482740025194, -0.006071286367894448, -0.04408702717036965, 0.003334737874705384, 0.04407397688711308, -0.006611975627759062, -0.04586224109040002, 0.029979013382883356, 0.028316195735424925, -0.04786158370952081, 0.010187311240051148, 0.038775802652950615, -0.04602071221929132, -0.006748080355813517, 0.042459055787586256, -0.024373353759149872, 0.06516521062502724, -0.009914098328903219, -0.0264148854450487, -0.02665823898451934, -0.010267173056356405, 0.005338915109766956, 0.012810253538871236, -0.035710670415774276, 0.021347621318207145], "c3": [0.0034220849406037877, -0.016925886409955227, -0.00038523258230944486, -0.0026254731121677, -0.00519008899883739, -0.0050191572700436895, 0.0005580058071256177, 0.00505912788162877, 0.027570194550339853, -0.010636385860340998, 0.016406270095186276, -0.01777155472912347, -0.005969008189042362, 0.022813725056374558, -0.011780457395187962, -0.012740311198110872, 0.02239707539341429, -0.003246420553287359, -0.020743953653558873, 0.014510547413946601, 0.012213626501778334, -0.013030322449108178, -0.012691950012332422, 0.012820419878347367, 0.012914155053352973, -0.012380233289194272, -0.014316733667061281, 0.02084625895771797, 0.0029892738462267356, -0.022365730350402492, 0.012997885277941634, 0.011540083263240254, -0.022891125657328416, 0.006295551249768112, 0.017577957628771276, -0.016507203259708232, 0.010959940379849783, -0.028758366322481833, -0.005034544821571211, -0.00042114998136330166, 0.005077329425803417, 0.0051511738278298075, 0.0025719392177690342, 0.0003515659015820009, 0.021081476617209962, -0.0034082025892081865]}, "phase_motional_global_spline_coeff": {"c0": [0.0, 0.0, 0.0, 0.0, 0.0, 0.0, 0.0, 0.0, 0.0, 0.0, 0.0, 0.0, 0.0, 0.0, 0.0, 0.0, 0.0, 0.0, 0.0, 0.0, 0.0, 0.0, 0.0, 0.0, 0.0, 0.0, 0.0, 0.0, 0.0, 0.0, 0.0, 0.0, 0.0, 0.0, 0.0, 0.0, 0.0, 0.0, 0.0, 0.0, 0.0, 0.0, 0.0, 0.0, 0.0, 0.0], "c1": [0.0, 0.0, 0.0, 0.0, 0.0, 0.0, 0.0, 0.0, 0.0, 0.0, 0.0, 0.0, 0.0, 0.0, 0.0, 0.0, 0.0, 0.0, 0.0, 0.0, 0.0, 0.0, 0.0, 0.0, 0.0, 0.0, 0.0, 0.0, 0.0, 0.0, 0.0, 0.0, 0.0, 0.0, 0.0, 0.0, 0.0, 0.0, 0.0, 0.0, 0.0, 0.0, 0.0, 0.0, 0.0, 0.0], "c2": [0.0, 0.0, 0.0, 0.0, 0.0, 0.0, 0.0, 0.0, 0.0, 0.0, 0.0, 0.0, 0.0, 0.0, 0.0, 0.0, 0.0, 0.0, 0.0, 0.0, 0.0, 0.0, 0.0, 0.0, 0.0, 0.0, 0.0, 0.0, 0.0, 0.0, 0.0, 0.0, 0.0, 0.0, 0.0, 0.0, 0.0, 0.0, 0.0, 0.0, 0.0, 0.0, 0.0, 0.0, 0.0, 0.0], "c3": [0.0, 0.0, 0.0, 0.0, 0.0, 0.0, 0.0, 0.0, 0.0, 0.0, 0.0, 0.0, 0.0, 0.0, 0.0, 0.0, 0.0, 0.0, 0.0, 0.0, 0.0, 0.0, 0.0, 0.0, 0.0, 0.0, 0.0, 0.0, 0.0, 0.0, 0.0, 0.0, 0.0, 0.0, 0.0, 0.0, 0.0, 0.0, 0.0, 0.0, 0.0, 0.0, 0.0, 0.0, 0.0, 0.0]}, "amplitude_norm_MHz_pi_phasespace_area": 1.2524927320181025}, {"number_spline_segments": 46, "edge_time_mu": 15900.0, "segment_time_mu": [150, 150, 150, 150, 150, 150, 150, 150, 450, 450, 450, 450, 450, 450, 450, 450, 450, 450, 450, 450, 450, 450, 450, 450, 450, 450, 450, 450, 450, 450, 450, 450, 450, 450, 450, 450, 450, 450, 150, 150, 150, 150, 150, 150, 150, 150], "delay_from_prev_edge_mu": 0, "idx_ion_driven": 3, "amplitude_ind_spline_coeff": {"c0": [0.036611858685013494, 0.08192311509578834, 0.15652856449980357, 0.2464895644887724, 0.36018103245333444, 0.4815264369097995, 0.5806848584062504, 0.6304256134865447, 0.6335381984256215, 0.5893349203483411, 0.5729483989418677, 0.555791342123239, 0.5902655140283499, 0.6028305422848571, 0.5710341880814791, 0.5856601433045263, 0.5998528824315831, 0.5655577291984728, 0.571599481346468, 0.6047236570469947, 0.5798490646772971, 0.5539123136779124, 0.5871015928168195, 0.6176865140898776, 0.5868949931108153, 0.553907079208544, 0.5799690939018949, 0.604710715716445, 0.5715263598057525, 0.5656072532349196, 0.5998599257829252, 0.5856771500282925, 0.5710671374058194, 0.6027883164653591, 0.5902355557033854, 0.5556924337425909, 0.5729085400932853, 0.5901910194324324, 0.6330943691419939, 0.6299456079957022, 0.5791442166874254, 0.4792190477057617, 0.3577556435186253, 0.2444279010720051, 0.1540219121735742, 0.0811528004838269],