{"gate_name": "Milburn_single_ion_rectangular_loop_v1", "chain_length": 3, "idx_ion_convention": "leftmost is 0", "radial_freq_MHz": [3.027, 2.939, 2.8127, 3.2897013, 3.2112344, 3.0980639], "calculated_drive_freq_MHz": 2.8127, "edges": [{"number_spline_segments": 46, "edge_time_mu": 10600, "segment_time_mu": [100, 100, 100, 100, 100, 100, 100, 100, 300, 300, 300, 300, 300, 300, 300, 300, 300, 300, 300, 300, 300, 300, 300, 300, 300, 300, 300, 300, 300, 300, 300, 300, 300, 300, 300, 300, 300, 300, 100, 100, 100, 100, 100, 100, 100, 100], "delay_from_prev_edge_mu": 0, "idx_ion_driven": 0, "amplitude_ind_spline_coeff": {"c0": [0.0027857405264174644, 0.014836640861476744, 0.04930972309048617, 0.09154987770946298, 0.15852929128647425, 0.24711734557040668, 0.3385586519797777, 0.40665964909547847, 0.43746039885431814, 0.4044729014243913, 0.409220294950681, 0.44207302191688475, 0.41343659051223336, 0.3815990226828438, 0.3985194078221067, 0.4144942175171877, 0.41057536342749723, 0.4173848739095803, 0.4148728454374607, 0.38689080762355144, 0.3808629724792728, 0.40888818636367996, 0.42514523939859455, 0.42395209529279104, 0.42505408389541394, 0.4087484439821844, 0.38080498308447974, 0.38698772492197225, 0.4149724485011118, 0.4174117415130775, 0.41055123454877235, 0.4144064591821804, 0.3984359669461038, 0.381684400154653, 0.4135970294110612, 0.4420380833025266, 0.4091799966747215, 0.40482239184373686, 0.4369842462490927, 0.405650535589004, 0.33688687373040777, 0.24523833312085525, 0.15694006500683721, 0.09046855453194802, 0.04763040889208143, 0.015060436329538488], "c1": [0.005377606502057844, 0.03623920967033361, 0.03158755478197812, 0.053859211776701804, 0.07935754575022247, 0.09436223831588442, 0.08402392986674306, 0.05013780384282324, 0.03367390626200396, -0.04305730583813671, 0.04213666798447896, 0.0069031625593709576, -0.04967173176254643, -0.006018865179259634, 0.028749674548514036, 0.0010063146552784575, -0.0021116740033941452, 0.01085111149008391, -0.018745937884208988, -0.027371185547274524, 0.016354699446068263, 0.030398723195146277, 0.0023802867637920367, -0.0005816201117083231, -0.0018089246747732082, -0.029328515024297827, -0.017696184091524226, 0.026557571932076716, 0.020346461243267253, -0.010826144853487225, 0.0006977605319793491, 0.00023361817125291712, -0.02781129232541205, 0.003571411581224828, 0.049385753918957095, -0.0032616035776152474, -0.04359361781990257, 0.034015989087668584, -0.0129382746760375, -0.05042905280899659, -0.0842172301651369, -0.09447876259391198, -0.07927672571248844, -0.05356297229415734, -0.013507658408538827, -0.02496926576957598], "c2": [0.0018419178716253797, 0.012432931888131802, 0.00945465135252095, 0.01347218131599611, 0.012521208516203294, 0.0019039801457541828, -0.013388488862432485, -0.02082423390861581, -0.13258968700058626, 0.05725672088493228, 0.011586210540868575, -0.05083133714000284, 0.00713900796348135, 0.03534084281733489, -0.009407072930257538, -0.013300992621848568, 0.014178094603406856, -0.008743721423123844, -0.020321404491896525, 0.01884398496268966, 0.02233444879644065, -0.013920669431991724, -0.008985808552061967, 0.007214836628899388, -0.0149515015067304, -0.00926326254417042, 0.02663124471566334, 0.012420595264190933, -0.022751479806794594, -0.0010736254104616431, 0.011607599177072969, -0.019891747938498197, -0.0012256042015719097, 0.03941865113963216, -0.005978632929107524, -0.05086476541463991, 0.030258660828260096, 0.06483849442534817, -0.01718867732313567, -0.020956561881110666, -0.012260578126955222, 0.002958044481163868, 0.01250621579146835, 0.01298060148091705, -0.039969255817366364, 0.01807095616798347], "c3": [0.005572810148088833, -0.015187934105358477, 0.0011927589193614632, -0.00035320640573508806, -0.00328156592481316, -0.0048149210766220306, -0.002536447455340144, 0.001267709525353033, 0.0660167592401457, -0.00922249379311096, -0.020872202694467618, 0.015133088478480156, 0.010745650642127557, -0.012303433962940771, -0.003447922859314229, 0.008344966978153243, -0.005164022304456271, -0.00464879381568003, 0.011007901240425205, 0.0025518013187408707, -0.01060861530283266, -0.00029343812793450043, 0.005412853469107615, -0.005459121697803829, 0.0003986781006176469, 0.010596640956333794, -0.002674342929702529, -0.010965217557109724, 0.004751496724498492, 0.005071229026574887, -0.008370793651108648, 0.0035886905327521274, 0.012236093026934661, -0.010917901642959901, -0.014966639081197344, 0.02103864759317846, 0.008893240619724919, -0.0664780211634431, -0.0012049986500379743, 0.002611810775625406, 0.004820307255546899, 0.00322385122699969, 0.00030417729409550753, -0.0012056555481367078, 0.020304465920717593, -0.005480093159931402]}, "phase_motional_global_spline_coeff": {"c0": [0.0, 0.0, 0.0, 0.0, 0.0, 0.0, 0.0, 0.0, 0.0, 0.0, 0.0, 0.0, 0.0, 0.0, 0.0, 0.0, 0.0, 0.0, 0.0, 0.0, 0.0, 0.0, 0.0, 0.0, 0.0, 0.0, 0.0, 0.0, 0.0, 0.0, 0.0, 0.0, 0.0, 0.0, 0.0, 0.0, 0.0, 0.0, 0.0, 0.0, 0.0, 0.0, 0.0, 0.0, 0.0, 0.0], "c1": [0.0, 0.0, 0.0, 0.0, 0.0, 0.0, 0.0, 0.0, 0.0, 0.0, 0.0, 0.0, 0.0, 0.0, 0.0, 0.0, 0.0, 0.0, 0.0, 0.0, 0.0, 0.0, 0.0, 0.0, 0.0, 0.0, 0.0, 0.0, 0.0, 0.0, 0.0, 0.0, 0.0, 0.0, 0.0, 0.0, 0.0, 0.0, 0.0, 0.0, 0.0, 0.0, 0.0, 0.0, 0.0, 0.0], "c2": [0.0, 0.0, 0.0, 0.0, 0.0, 0.0, 0.0, 0.0, 0.0, 0.0, 0.0, 0.0, 0.0, 0.0, 0.0, 0.0, 0.0, 0.0, 0.0, 0.0, 0.0, 0.0, 0.0, 0.0, 0.0, 0.0, 0.0, 0.0, 0.0, 0.0, 0.0, 0.0, 0.0, 0.0, 0.0, 0.0, 0.0, 0.0, 0.0, 0.0, 0.0, 0.0, 0.0, 0.0, 0.0, 0.0], "c3": [0.0, 0.0, 0.0, 0.0, 0.0, 0.0, 0.0, 0.0, 0.0, 0.0, 0.0, 0.0, 0.0, 0.0, 0.0, 0.0, 0.0, 0.0, 0.0, 0.0, 0.0, 0.0, 0.0, 0.0, 0.0, 0.0, 0.0, 0.0, 0.0, 0.0, 0.0, 0.0, 0.0, 0.0, 0.0, 0.0, 0.0, 0.0, 0.0, 0.0, 0.0, 0.0, 0.0, 0.0, 0.0, 0.0]}, "amplitude_norm_MHz_pi_phasespace_area": 0.882818571784946}, {"number_spline_segments": 46, "edge_time_mu": 10600, "segment_time_mu": [100, 100, 100, 100, 100, 100, 100, 100, 300, 300, 300, 300, 300, 300, 300, 300, 300, 300, 300, 300, 300, 300, 300, 300, 300, 300, 300, 300, 300, 300, 300, 300, 300, 300, 300, 300, 300, 300, 100, 100, 100, 100, 100, 100, 100, 100], "delay_from_prev_edge_mu": 0, "idx_ion_driven": 2, "amplitude_ind_spline_coeff": {"c0": [0.0028609749809008133, 0.015237396761797294, 0.05064370566391613, 0.09403695002914947, 0.16288740756718637, 0.2540891899757569, 0.34849791164474686, 0.41907479007864357, 0.45109605565095745, 0.41680331313269897, 0.4217349822625038, 0.4558962691690446, 0.4261142570654821, 0.3930709272646438, 0.4106237341891784, 0.42721311987857885, 0.4231418694141908, 0.4302167249094586, 0.4276067864793589, 0.3985583547617, 0.39230798145451024, 0.4213893079947143, 0.43828382922000225, 0.4370432581859198, 0.43818896195837775, 0.42124452762078984, 0.392247422513247, 0.39865935992450713, 0.4277098325556233, 0.430244776320514, 0.4231168323501369, 0.4271218690867366, 0.4105372621034718, 0.39315944927225477, 0.42628108132359177, 0.45586041365514296, 0.42169171437526337, 0.4171697706878569, 0.45059915384158084, 0.41802721153635936, 0.34676872097628014, 0.2521522748249643, 0.16125287569437186, 0.09292593798845863, 0.04891891432042332, 0.015467244488349746],