{"gate_name": "Milburn_single_ion_rectangular_loop_v1", "chain_length": 3, "idx_ion_convention": "leftmost is 0", "radial_freq_MHz": [3.023, 2.936, 2.813, 3.2897013, 3.2112344, 3.0980639], "calculated_drive_freq_MHz": 2.813, "edges": [{"number_spline_segments": 46, "edge_time_mu": 10600, "segment_time_mu": [100, 100, 100, 100, 100, 100, 100, 100, 300, 300, 300, 300, 300, 300, 300, 300, 300, 300, 300, 300, 300, 300, 300, 300, 300, 300, 300, 300, 300, 300, 300, 300, 300, 300, 300, 300, 300, 300, 100, 100, 100, 100, 100, 100, 100, 100], "delay_from_prev_edge_mu": 0, "idx_ion_driven": 0, "amplitude_ind_spline_coeff": {"c0": [0.0007167695900582079, 0.012243090251947817, 0.07665425914361387, 0.13198163394845056, 0.21052003480688775, 0.30701807547803683, 0.40033484579248374, 0.45460353114344054, 0.4523213539224727, 0.39754783964289614, 0.42805648004763036, 0.39985383096412125, 0.39715705629370684, 0.3919928102922426, 0.39369578513209197, 0.4144411311026359, 0.42403850557849704, 0.42723997273106795, 0.4204292107916885, 0.40479106034731877, 0.3997574247848792, 0.4008871573126662, 0.4062040093497061, 0.41162679643398997, 0.4061810897376538, 0.4008369936808824, 0.3997885672715602, 0.40486793601578075, 0.4204846446300767, 0.4272920651171837, 0.4239644088715151, 0.41432422998594387, 0.3936703222097603, 0.39191978345171896, 0.39724419711434433, 0.40005734444723096, 0.4275809384277777, 0.3992009489379322, 0.4512487002365075, 0.4541001467666492, 0.398748071305852, 0.3050160381567378, 0.20872759156675266, 0.1306439819028672, 0.0723040521495508, 0.013393545487499188], "c1": [0.004608570058125017, 0.0611440111154822, 0.04431836051407019, 0.06674540841972008, 0.08923393956486943, 0.09992344386901245, 0.0805410965256754, 0.025094229198660608, -0.11189338011005419, 0.044412364767168505, -0.012773295988200484, -0.02124166474047481, 0.005050088920179675, -0.011061020583837351, 0.016412940823676787, 0.01819842590704218, 0.0036243737574145982, 0.0015074913625428067, -0.014964878739074006, -0.012183958101791917, 0.0002935395047071002, 0.0019314106354077546, 0.008162784169447367, 0.00028029082006312823, -0.008398945925338994, -0.0019544483072825927, -0.00011392721084912933, 0.011548580881387934, 0.015447101168508698, -0.0014534120676873298, -0.004004980377333125, -0.017199846357563213, -0.01751384940852064, 0.011159973668708209, -0.0036889401242857435, 0.01746745134414658, 0.020296470745726363, -0.06290561061475426, 0.02649380411498835, -0.02515235743527925, -0.08096476068866565, -0.10034226811423531, -0.08921806708026456, -0.06645192051526329, 0.016360981069525292, -0.03496865781945194], "c2": [-0.005719885646154015, 0.07251149509396349, 0.010403548351435239, 0.012501050376795244, 0.010718069087772014, 2.656497596118846e-05, -0.022138416194433908, -0.03472251546234952, 0.0016712343815652834, 0.021954985859252776, -0.041740859301493, 0.03114941325979782, -0.014913651946097848, 0.00979142233637602, 0.012343180463670804, -0.01173128933116719, 0.0011500066096013966, -0.008047695251230396, -0.005544849525799936, 0.00921507894760029, 0.0007128087730791773, 0.0037661779187872437, 0.00032151553013736015, -0.008839695651037578, 0.002773273557895217, 0.0009340814278877062, 0.00319008104090901, 0.00900049990946904, -0.009070955713154256, -0.003291168115891577, -0.0025935857780943453, -0.011575375809095711, 0.019083666132971064, -0.00153392256199045, -0.005978217243419654, 0.03717776102274717, -0.0878454861282471, 0.1767886328640909, -0.018065928359233374, -0.034511037592823264, -0.019338950506231346, 0.0006766262824686886, 0.010464922093898857, 0.0121951296555592, -0.16468107676598429, 0.03631358851349099], "c3": [0.014555776308925133, -0.0725785383323822, 0.0006019886137752523, -0.0007122206720369686, -0.003449688381876512, -0.00660564936948573, -0.00413196043344961, 0.005749136372089211, 0.057320849015818076, -0.03640610812374489, 0.026381862545500588, -0.012496796758930305, 0.004563038275403726, 0.003053785607514174, -0.008009447416709657, 0.0030853022027306177, -0.0015158106894899545, -0.0003127790565523413, 0.004869366988061849, -0.0020351684497118294, 8.927497461599803e-05, -0.0003512031124205692, -0.003061810125838276, 0.003084554346959791, 0.0003156934047717345, -5.805665126672503e-05, 0.0020061190099475872, -0.0048906689043489784, 0.0003740861013278529, 0.0014626532094136257, -0.0030442284482190473, 0.008041024492205675, -0.003183479956932564, -0.004412054008024095, 0.01241431236458484, -0.0265775348329881, 0.03728649046090209, -0.060235816344090705, -0.005579682349791943, 0.004284040740380039, 0.00656775870055173, 0.003381386261591602, 0.000672979517898305, -0.0006167905987835011, 0.08799886476603186, -0.014100807684807308]}, "phase_motional_global_spline_coeff": {"c0": [0.0, 0.0, 0.0, 0.0, 0.0, 0.0, 0.0, 0.0, 0.0, 0.0, 0.0, 0.0, 0.0, 0.0, 0.0, 0.0, 0.0, 0.0, 0.0, 0.0, 0.0, 0.0, 0.0, 0.0, 0.0, 0.0, 0.0, 0.0, 0.0, 0.0, 0.0, 0.0, 0.0, 0.0, 0.0, 0.0, 0.0, 0.0, 0.0, 0.0, 0.0, 0.0, 0.0, 0.0, 0.0, 0.0], "c1": [0.0, 0.0, 0.0, 0.0, 0.0, 0.0, 0.0, 0.0, 0.0, 0.0, 0.0, 0.0, 0.0, 0.0, 0.0, 0.0, 0.0, 0.0, 0.0, 0.0, 0.0, 0.0, 0.0, 0.0, 0.0, 0.0, 0.0, 0.0, 0.0, 0.0, 0.0, 0.0, 0.0, 0.0, 0.0, 0.0, 0.0, 0.0, 0.0, 0.0, 0.0, 0.0, 0.0, 0.0, 0.0, 0.0], "c2": [0.0, 0.0, 0.0, 0.0, 0.0, 0.0, 0.0, 0.0, 0.0, 0.0, 0.0, 0.0, 0.0, 0.0, 0.0, 0.0, 0.0, 0.0, 0.0, 0.0, 0.0, 0.0, 0.0, 0.0, 0.0, 0.0, 0.0, 0.0, 0.0, 0.0, 0.0, 0.0, 0.0, 0.0, 0.0, 0.0, 0.0, 0.0, 0.0, 0.0, 0.0, 0.0, 0.0, 0.0, 0.0, 0.0], "c3": [0.0, 0.0, 0.0, 0.0, 0.0, 0.0, 0.0, 0.0, 0.0, 0.0, 0.0, 0.0, 0.0, 0.0, 0.0, 0.0, 0.0, 0.0, 0.0, 0.0, 0.0, 0.0, 0.0, 0.0, 0.0, 0.0, 0.0, 0.0, 0.0, 0.0, 0.0, 0.0, 0.0, 0.0, 0.0, 0.0, 0.0, 0.0, 0.0, 0.0, 0.0, 0.0, 0.0, 0.0, 0.0, 0.0]}, "amplitude_norm_MHz_pi_phasespace_area": 0.9729317378807674}, {"number_spline_segments": 46, "edge_time_mu": 10600, "segment_time_mu": [100, 100, 100, 100, 100, 100, 100, 100, 300, 300, 300, 300, 300, 300, 300, 300, 300, 300, 300, 300, 300, 300, 300, 300, 300, 300, 300, 300, 300, 300, 300, 300, 300, 300, 300, 300, 300, 300, 100, 100, 100, 100, 100, 100, 100, 100], "delay_from_prev_edge_mu": 0, "idx_ion_driven": 2, "amplitude_ind_spline_coeff": {"c0": [0.0007274639954457654, 0.012425831320168614, 0.07780256416920044, 0.13397394658019093, 0.213756042866574, 0.31190405613946676, 0.4070194210493489, 0.46246836185602125, 0.46013322368310416, 0.40417519524634216, 0.4353296551300505, 0.4065283650165947, 0.4037759824070777, 0.3985057870071316, 0.40024370974604834, 0.4214213726560239, 0.43122423245023767, 0.4344950101577067, 0.42753729174996424, 0.4115682413821453, 0.4064300353714349, 0.40758316173823134, 0.413010733199132, 0.4185474934077267, 0.4129873262097922, 0.4075319595016872, 0.4064618102735984, 0.4116467767391177, 0.4275938533256468, 0.4345482539557306, 0.4311485086158847, 0.42130211145489777, 0.400217588858691, 0.398431310612972, 0.4038648933458196, 0.40673659193436357, 0.43484371739485866, 0.4058614416836617, 0.4590370340021605, 0.46195367429676154, 0.40540007250853455, 0.30986572107673177, 0.21193434140525377, 0.1326156522614415, 0.07338711427996697, 0.013593435088000433],