{"gate_name": "Milburn_single_ion_rectangular_loop_v1", "chain_length": 3, "idx_ion_convention": "leftmost is 0", "radial_freq_MHz": [3.023, 2.936, 2.812, 3.2897013, 3.2112344, 3.0980639], "calculated_drive_freq_MHz": 2.812, "edges": [{"number_spline_segments": 46, "edge_time_mu": 10600, "segment_time_mu": [100, 100, 100, 100, 100, 100, 100, 100, 300, 300, 300, 300, 300, 300, 300, 300, 300, 300, 300, 300, 300, 300, 300, 300, 300, 300, 300, 300, 300, 300, 300, 300, 300, 300, 300, 300, 300, 300, 100, 100, 100, 100, 100, 100, 100, 100], "delay_from_prev_edge_mu": 0, "idx_ion_driven": 0, "amplitude_ind_spline_coeff": {"c0": [0.0005287294197188713, 0.009092303370465672, 0.05765290192191671, 0.10140245421532611, 0.16653933568668763, 0.2520053651920622, 0.343741535046911, 0.4110459671949376, 0.42755174100702326, 0.36155650013816476, 0.39479149152822557, 0.3767765355390166, 0.3630569271920231, 0.36996136385357126, 0.3655651510343226, 0.3783453925427791, 0.3941909911405308, 0.38975461123804306, 0.3859505046910923, 0.3786039412755649, 0.3676045875447033, 0.37286084212082826, 0.3788543297316871, 0.3770634525251355, 0.37881100950615154, 0.3728495015337799, 0.3676184243496509, 0.37864407409859835, 0.3860291124674865, 0.3897698235613654, 0.39412227095687313, 0.3782945158385162, 0.36550608679641455, 0.3699127019713004, 0.3631883310754001, 0.37681197455437043, 0.39454085674049677, 0.362950378575453, 0.42658179826888976, 0.41017412655756225, 0.3420356124574066, 0.2501520723031445, 0.16500973357118454, 0.10032284057356448, 0.054386016018373534, 0.009943201739828492], "c1": [0.003430843120801509, 0.045415573855890255, 0.03433588446413544, 0.05385724818862319, 0.07607870477875443, 0.09222264776824382, 0.08587649719437351, 0.04418921611795685, -0.05433109606529562, 0.0055416143884246755, 0.018928724035424126, -0.03502820561464399, 0.007030107122471478, -6.697463450491938e-05, -0.001346840868193407, 0.022934281488702985, 0.004358221195008948, -0.0079120726428509, -0.0015234837064461606, -0.01321987931291968, -0.004469435344555838, 0.011122294397989169, -0.0003970222532095322, -0.0003416133153809731, 0.0009168803660423643, -0.010885733997624571, 0.003551407052952574, 0.013807666328945787, 0.001633143054330641, 0.007117530396739711, -0.003226069858344175, -0.023143466181482022, 0.00017159604167931274, 0.0018108040054971078, -0.00813057373181865, 0.03337011653311179, -0.01174163564750079, -0.026487457972002467, 0.010503577478833055, -0.0443444369610111, -0.0863228161633914, -0.09247960376335425, -0.07594818078501153, -0.05354098628890736, 0.010946855616437165, -0.02602066698309384], "c2": [-0.004318884160181616, 0.05475104853844976, 0.008589055256359548, 0.011301121804168923, 0.011593627373872126, 0.004981047694424518, -0.013003468602368826, -0.031003665871402505, -0.11271727982041016, 0.07714322575488419, -0.059251459816682624, 0.021124663112367607, 0.008469009356904575, -0.013250680045892613, 0.018164505716186965, -0.0014907541111510892, -0.015060068671954639, 0.006277513954972938, -0.005276554653723836, -0.0032012830064645005, 0.014012972079510038, -0.0034113453262822847, -0.00498156571112922, 0.005748678030545351, -0.008772101783678455, 0.0014943228059982187, 0.012957271418106061, -0.007155170819502853, 0.00010222532086064042, 0.003498176541888966, -0.01842970124129615, 0.006591940541371326, 0.013124722367213742, -0.017470532903809392, 0.0225328518003332, 0.006454411047896096, -0.0712332414585385, 0.19604059932430076, -0.02496703389186201, -0.029442937633615517, -0.01095053685586522, 0.0051943827751250145, 0.011266568517321558, 0.011015539979964363, -0.12199643398950347, 0.02707962960136307], "c3": [0.010874216672868108, -0.054090687155179236, 0.0008216618751438451, -2.586995385554201e-05, -0.002206226129000189, -0.005448074386167789, -0.005553147881560444, 0.0021449084318043666, 0.10245800038788215, -0.049589904725351706, 0.022127711377294364, 0.0003545896678270906, -0.008645811524769507, 0.008860712432354971, -0.003940120310620537, -0.005638911962025574, 0.006232361555820238, -0.002104760789594378, -0.0005941850700264541, 0.005409485888272583, -0.0042285252846714395, -0.001763346580374446, 0.003588134289135654, -0.003614136706108454, 0.001834661269431207, 0.004173550875685515, -0.0054360330499567625, 0.0006675715498450599, 0.002039463181097082, -0.0062233864755031005, 0.005730781609342788, 0.003825186390252307, -0.008840353402287704, 0.008764847735298648, -0.0005948312056606375, -0.021962919010515544, 0.049985671276635224, -0.10475931149258809, -0.001960416977500804, 0.005629839543869177, 0.005389963556511696, 0.002147258940429165, -2.3674464235146262e-06, -0.0008291291072547886, 0.06556278236233369, -0.010532235974036444]}, "phase_motional_global_spline_coeff": {"c0": [0.0, 0.0, 0.0, 0.0, 0.0, 0.0, 0.0, 0.0, 0.0, 0.0, 0.0, 0.0, 0.0, 0.0, 0.0, 0.0, 0.0, 0.0, 0.0, 0.0, 0.0, 0.0, 0.0, 0.0, 0.0, 0.0, 0.0, 0.0, 0.0, 0.0, 0.0, 0.0, 0.0, 0.0, 0.0, 0.0, 0.0, 0.0, 0.0, 0.0, 0.0, 0.0, 0.0, 0.0, 0.0, 0.0], "c1": [0.0, 0.0, 0.0, 0.0, 0.0, 0.0, 0.0, 0.0, 0.0, 0.0, 0.0, 0.0, 0.0, 0.0, 0.0, 0.0, 0.0, 0.0, 0.0, 0.0, 0.0, 0.0, 0.0, 0.0, 0.0, 0.0, 0.0, 0.0, 0.0, 0.0, 0.0, 0.0, 0.0, 0.0, 0.0, 0.0, 0.0, 0.0, 0.0, 0.0, 0.0, 0.0, 0.0, 0.0, 0.0, 0.0], "c2": [0.0, 0.0, 0.0, 0.0, 0.0, 0.0, 0.0, 0.0, 0.0, 0.0, 0.0, 0.0, 0.0, 0.0, 0.0, 0.0, 0.0, 0.0, 0.0, 0.0, 0.0, 0.0, 0.0, 0.0, 0.0, 0.0, 0.0, 0.0, 0.0, 0.0, 0.0, 0.0, 0.0, 0.0, 0.0, 0.0, 0.0, 0.0, 0.0, 0.0, 0.0, 0.0, 0.0, 0.0, 0.0, 0.0], "c3": [0.0, 0.0, 0.0, 0.0, 0.0, 0.0, 0.0, 0.0, 0.0, 0.0, 0.0, 0.0, 0.0, 0.0, 0.0, 0.0, 0.0, 0.0, 0.0, 0.0, 0.0, 0.0, 0.0, 0.0, 0.0, 0.0, 0.0, 0.0, 0.0, 0.0, 0.0, 0.0, 0.0, 0.0, 0.0, 0.0, 0.0, 0.0, 0.0, 0.0, 0.0, 0.0, 0.0, 0.0, 0.0, 0.0]}, "amplitude_norm_MHz_pi_phasespace_area": 0.9131094699086195}, {"number_spline_segments": 46, "edge_time_mu": 10600, "segment_time_mu": [100, 100, 100, 100, 100, 100, 100, 100, 300, 300, 300, 300, 300, 300, 300, 300, 300, 300, 300, 300, 300, 300, 300, 300, 300, 300, 300, 300, 300, 300, 300, 300, 300, 300, 300, 300, 300, 300, 100, 100, 100, 100, 100, 100, 100, 100], "delay_from_prev_edge_mu": 0, "idx_ion_driven": 2, "amplitude_ind_spline_coeff": {"c0": [0.0005366187904753159, 0.009228002272923223, 0.05851511286196665, 0.10292592724044355, 0.1690707420207988, 0.2559304472584354, 0.3493061431550985, 0.4179541926746809, 0.434816159941917, 0.3674636974179074, 0.40136177594125555, 0.38298256564316435, 0.36899270056941536, 0.3760324892452839, 0.371549894914396, 0.38458285342735793, 0.4007489841563437, 0.3962220066678542, 0.3923407495012291, 0.384846567017938, 0.37362932447309666, 0.3789892207010075, 0.38510193949167126, 0.38327531877722854, 0.38505774753413585, 0.37897765820911766, 0.3736434572209827, 0.38488746646000943, 0.3924209505163414, 0.3962375463286137, 0.4006788745752404, 0.3845309243894499, 0.37148970502510165, 0.37598287128818164, 0.369126554685413, 0.3830189232534085, 0.40110686858796224, 0.3688868368874922, 0.433822374236118, 0.41706432696917856, 0.3475679188326552, 0.2540456360338017, 0.16751701596861793, 0.10182988895372484, 0.055199340589386095, 0.010091590269183156],