{"gate_name": "Milburn_single_ion_rectangular_loop_v1", "chain_length": 3, "idx_ion_convention": "leftmost is 0", "radial_freq_MHz": [3.023, 2.936, 2.812, 3.2897013, 3.2112344, 3.0980639], "calculated_drive_freq_MHz": 2.812, "edges": [{"number_spline_segments": 46, "edge_time_mu": 10600, "segment_time_mu": [100, 100, 100, 100, 100, 100, 100, 100, 300, 300, 300, 300, 300, 300, 300, 300, 300, 300, 300, 300, 300, 300, 300, 300, 300, 300, 300, 300, 300, 300, 300, 300, 300, 300, 300, 300, 300, 300, 100, 100, 100, 100, 100, 100, 100, 100], "delay_from_prev_edge_mu": 0, "idx_ion_driven": 0, "amplitude_ind_spline_coeff": {"c0": [0.0005177052131997335, 0.008914043857480656, 0.056660438695085046, 0.10005858802507776, 0.16522699578332348, 0.25166385495725546, 0.3457013357547512, 0.4157735204970653, 0.432835039153583, 0.3558879584022433, 0.3970130885260744, 0.38117713476668835, 0.35622850888999485, 0.3717599481187961, 0.37122531195331704, 0.37097582255100475, 0.39447111610478885, 0.39736637877921466, 0.37882737683311046, 0.3765812410790648, 0.37621376122905154, 0.3670311057359831, 0.37496019630211525, 0.38652715790955106, 0.3749213370694696, 0.3670136121209134, 0.3762262623570552, 0.3766279619444992, 0.3789016217178709, 0.3973785111709751, 0.39441360915187074, 0.37091517742679814, 0.3711635391663528, 0.3717244813044496, 0.3563555657686334, 0.38119176795494286, 0.3967988457943027, 0.35729416727117047, 0.43188023199975617, 0.41486257698665946, 0.3439423078581776, 0.24978117021736643, 0.16369177569041873, 0.09898511227640643, 0.05345116830538893, 0.009747646531782214], "c1": [0.003365118716373827, 0.044524365247660694, 0.03393210845660637, 0.053620717321660294, 0.07647328185542188, 0.0938256239448639, 0.08871012791441937, 0.046406415223836595, -0.05836784189857877, -0.000749073689589308, 0.03402549263569826, -0.04617753019982944, 0.0026345699250260144, 0.015659948955930657, -0.011248140373015369, 0.014857226275553305, 0.02253698656229063, -0.015554030930906437, -0.014005203443929817, 0.005434185088294711, -0.007952763036148152, -0.004791192065499465, 0.017334041659538585, 0.0006734951363823533, -0.01769895090485186, 0.003789765010583179, 0.00895789106278585, -0.005278803521406229, 0.012607283130174163, 0.016471061711543993, -0.021426672498081226, -0.016643954889530396, 0.011425640361639018, -0.013587038336642144, -0.0053130289600989995, 0.045677636701669126, -0.026300551174307442, -0.022341680452947647, 0.01185956107521188, -0.04657549926155501, -0.0891909125075032, -0.09408366461777631, -0.07632773476570971, -0.0532929590810816, 0.010507829344479112, -0.02552005742618821], "c2": [-0.004247310121166931, 0.05385694368986909, 0.008584173289816494, 0.011470776338915188, 0.012082554762083043, 0.005796073314637575, -0.012545833127696198, -0.0323655025698843, -0.13364214091183976, 0.0992817236037798, -0.07074545261878039, 0.012273784214989154, 0.0281177624949234, -0.02189724714927892, 0.005001524921486295, 0.01978708972101311, -0.020010751491098374, -0.012108991266805405, 0.016225458277153916, -0.0030392514153833867, -0.008141692542032227, 0.01585430330274821, 0.0009169672897699349, -0.019095821493171326, 0.006862127941836021, 0.012332767711226959, -0.011519551810841, 0.0032507858786750346, 0.015113195538215694, -0.01937298989142849, -0.013142184999046092, 0.023179259272811913, -0.0054915795776258654, -0.017107873662223713, 0.03979425041511354, -0.009751852437055595, -0.07229339574397046, 0.21688862711779108, -0.027259175569364438, -0.030508225423675723, -0.010469102527240101, 0.005939554193094829, 0.011723822306836114, 0.011177832046105585, -0.11955881873453643, 0.026569377396208266], "c3": [0.01067286326210481, -0.05307266085705395, 0.0008788811766667913, 7.223209024073629e-05, -0.002119687360222698, -0.005564636116668359, -0.006073676564870479, 0.0018354371883609688, 0.11644820597087159, -0.05742385510514141, 0.020614626639852893, 0.009098039082781987, -0.015163946500372122, 0.005575621526608652, 0.006038670698175193, -0.0110668184205987, 0.00028132020240768143, 0.009111116969728238, -0.004390311141203921, -0.002803507807502359, 0.00686933297339121, -0.0030619715593448497, -0.006684555094872741, 0.006744800519477116, 0.0029722946359111192, -0.006869593553333268, 0.0028870871724499237, 0.00431562809999491, -0.009156400518451435, -0.0001460740893482312, 0.011030133775148962, -0.0061596740264938275, -0.005432010784834573, 0.015184368719972662, -0.009372550968667523, -0.02031041458419523, 0.05771255998311924, -0.1187911782124438, -0.0016372213300602223, 0.0061443593115446445, 0.005499806832494482, 0.0020593851448562537, -9.980471543827492e-05, -0.000885492094844985, 0.06432470205938155, -0.010336921119680067]}, "phase_motional_global_spline_coeff": {"c0": [0.0, 0.0, 0.0, 0.0, 0.0, 0.0, 0.0, 0.0, 0.0, 0.0, 0.0, 0.0, 0.0, 0.0, 0.0, 0.0, 0.0, 0.0, 0.0, 0.0, 0.0, 0.0, 0.0, 0.0, 0.0, 0.0, 0.0, 0.0, 0.0, 0.0, 0.0, 0.0, 0.0, 0.0, 0.0, 0.0, 0.0, 0.0, 0.0, 0.0, 0.0, 0.0, 0.0, 0.0, 0.0, 0.0], "c1": [0.0, 0.0, 0.0, 0.0, 0.0, 0.0, 0.0, 0.0, 0.0, 0.0, 0.0, 0.0, 0.0, 0.0, 0.0, 0.0, 0.0, 0.0, 0.0, 0.0, 0.0, 0.0, 0.0, 0.0, 0.0, 0.0, 0.0, 0.0, 0.0, 0.0, 0.0, 0.0, 0.0, 0.0, 0.0, 0.0, 0.0, 0.0, 0.0, 0.0, 0.0, 0.0, 0.0, 0.0, 0.0, 0.0], "c2": [0.0, 0.0, 0.0, 0.0, 0.0, 0.0, 0.0, 0.0, 0.0, 0.0, 0.0, 0.0, 0.0, 0.0, 0.0, 0.0, 0.0, 0.0, 0.0, 0.0, 0.0, 0.0, 0.0, 0.0, 0.0, 0.0, 0.0, 0.0, 0.0, 0.0, 0.0, 0.0, 0.0, 0.0, 0.0, 0.0, 0.0, 0.0, 0.0, 0.0, 0.0, 0.0, 0.0, 0.0, 0.0, 0.0], "c3": [0.0, 0.0, 0.0, 0.0, 0.0, 0.0, 0.0, 0.0, 0.0, 0.0, 0.0, 0.0, 0.0, 0.0, 0.0, 0.0, 0.0, 0.0, 0.0, 0.0, 0.0, 0.0, 0.0, 0.0, 0.0, 0.0, 0.0, 0.0, 0.0, 0.0, 0.0, 0.0, 0.0, 0.0, 0.0, 0.0, 0.0, 0.0, 0.0, 0.0, 0.0, 0.0, 0.0, 0.0, 0.0, 0.0]}, "amplitude_norm_MHz_pi_phasespace_area": 0.9235441125611821}, {"number_spline_segments": 46, "edge_time_mu": 10600, "segment_time_mu": [100, 100, 100, 100, 100, 100, 100, 100, 300, 300, 300, 300, 300, 300, 300, 300, 300, 300, 300, 300, 300, 300, 300, 300, 300, 300, 300, 300, 300, 300, 300, 300, 300, 300, 300, 300, 300, 300, 100, 100, 100, 100, 100, 100, 100, 100], "delay_from_prev_edge_mu": 0, "idx_ion_driven": 2, "amplitude_ind_spline_coeff": {"c0": [0.0005254301137906764, 0.009047081700509624, 0.05750774360443904, 0.10156159960249367, 0.16773771578626667, 0.2555831553588675, 0.3513031687888263, 0.4227818689513445, 0.4402158448706604, 0.36168552225297435, 0.4036287545335462, 0.3874711877341308, 0.3620318674231127, 0.3778665063972981, 0.37732132277616004, 0.37706705118999045, 0.40103475326099264, 0.4039896999134897, 0.3850744150450526, 0.3827834881174323, 0.3824087301006239, 0.37304457314962297, 0.3811302335550331, 0.3929290889948793, 0.38109056284934534, 0.37302677999762135, 0.38242143719416904, 0.3828311297594973, 0.3851502533584915, 0.40400191289590415, 0.400976279640798, 0.37700504730308354, 0.3772583311484949, 0.3778304893680771, 0.3621612367146693, 0.3874860502292058, 0.4034115816257733, 0.3631218251200481, 0.4392362873976901, 0.4218519719890778, 0.3495107147138277, 0.2536684579606313, 0.16617830750750603, 0.10047180269466686, 0.054250454174486665, 0.009893116336563406],