{"gate_name": "Milburn_single_ion_rectangular_loop_v1", "chain_length": 4, "idx_ion_convention": "leftmost is 0", "radial_freq_MHz": [3.034, 2.9745, 2.89, 2.7812], "calculated_drive_freq_MHz": 2.7812, "edges": [{"number_spline_segments": 46, "edge_time_mu": 21200, "segment_time_mu": [200, 200, 200, 200, 200, 200, 200, 200, 600, 600, 600, 600, 600, 600, 600, 600, 600, 600, 600, 600, 600, 600, 600, 600, 600, 600, 600, 600, 600, 600, 600, 600, 600, 600, 600, 600, 600, 600, 200, 200, 200, 200, 200, 200, 200, 200], "delay_from_prev_edge_mu": 0, "idx_ion_driven": 0, "amplitude_ind_spline_coeff": {"c0": [0.0061996047833961605, 0.018636766637839936, 0.04623940065178283, 0.08962015766396755, 0.15859053435004739, 0.2480739201640905, 0.3332530288899234, 0.3864481983025991, 0.40766480166161395, 0.43156480781695594, 0.4451251483472104, 0.4333365101913302, 0.42970597735683363, 0.40697894375210647, 0.38551910297580394, 0.416505392860641, 0.45402409879499545, 0.4423366582594617, 0.42016923057955624, 0.4125340157597789, 0.4003749186950012, 0.40121922004642624, 0.43448375063829825, 0.45821893206541997, 0.4342979607980644, 0.40109047788255514, 0.4003893963085871, 0.41261963064886054, 0.4203113528055773, 0.4424237911693384, 0.45391360366981065, 0.4163039741491096, 0.38547229375319825, 0.40708931508597845, 0.4298585993244125, 0.4334068959652975, 0.44501077118337895, 0.4318400677610146, 0.4069930027994911, 0.38573538072474284, 0.3318142720028672, 0.24623440095685956, 0.15695913516852172, 0.0885057850875905, 0.04524037932762202, 0.018395405937675715], "c1": [0.007172418663265087, 0.021878077724855744, 0.032275524211387824, 0.05543768230691521, 0.08140624486682933, 0.0930525097900514, 0.07259303914708731, 0.03445252015183974, 0.022712016212173433, 0.03194014030167565, -0.007586528670323823, -0.00825409934969639, -0.006102568435202583, -0.03453870127309263, 0.0011978040558056845, 0.05062063022354719, 0.01449227916724375, -0.02831493654230115, -0.012562001525663726, -0.007308176047889895, -0.012909912081140196, 0.017898543216793662, 0.04020211690892131, 0.0008536516819427854, -0.040195395671579655, -0.01933752023192593, 0.013099429926004722, 0.008348322674000938, 0.011433503707307668, 0.02776798778728749, -0.012249912447105995, -0.05082616486225353, -0.003509993696099087, 0.03549324972768007, 0.007342689699635997, 0.006391451738794929, 0.009099428509728086, -0.036264131974460455, -0.011102030093773349, -0.03465510364982127, -0.07259676542792144, -0.09321999456490154, -0.08145179235971446, -0.055164137681346787, -0.0255600918906666, -0.019748976246807826], "c2": [0.003296536897833681, 0.011687207374553575, 0.00987509807289289, 0.014120668081769887, 0.012547225893296975, -0.002426061367709419, -0.019626568094089133, -0.017466683959926746, -0.008409349940589148, -0.014366734966285337, -0.013878656009197313, 0.013457153203289024, -0.020812525523647436, 0.0006549458285979395, 0.040080222386536725, -0.0005716690696535523, -0.036529253208020605, 0.0016024982794570512, 0.01073839643465362, -0.009054309340683488, 0.008730730912456897, 0.024102331295201722, -0.007957728090963692, -0.03344760371163507, -0.0015905714125144933, 0.023790589854256722, 0.0031602407839001908, -0.006504122236536023, 0.015488252038715051, -0.006087153278311505, -0.03816394222145955, 0.010004319032542218, 0.03771928738391364, -0.008910401316888564, -0.012495795143684568, 0.015159594248382825, -0.02714695291012579, 0.022719813591998865, -0.006366781935238255, -0.019194670434073535, -0.018493953813229862, -0.00042816797462992, 0.012476222940045835, 0.01349230177823276, -0.00917568998464206, 0.009520188700883787], "c3": [0.0021279419496373153, -0.00631201751873977, 0.0012233195941348729, -0.0005901270118527982, -0.004451022632155693, -0.005436968303249508, 0.00021092282425267701, 0.0037787787383034874, 0.01006307319439673, -0.004172348307981557, 0.009697646470656527, -0.00873346770547471, 0.0040728141562844655, 0.012395547640404053, -0.010163976575585753, -0.012551038191842985, 0.010256787554979292, 0.004603352585612431, -0.005780839453202499, 0.004135924984554391, 0.0050195221839241366, -0.008659554657297907, -0.00850969483033862, 0.008596351151906547, 0.008583145767387116, -0.005086786389867739, -0.004061062065667696, 0.005789826920737975, -0.004715751786465174, -0.010171896859956547, 0.012676723563561053, 0.01001987147091634, -0.01247769736246118, -0.003914797774948142, 0.008682164996965475, -0.009788761992779043, 0.004404915244274797, -0.01084432205740541, -0.0037711921801716706, -8.23804460621e-05, 0.005492138670594754, 0.004375344638771274, 0.0005289808173276914, -0.001237075663288559, 0.007780145309443205, -0.002108499001514976]}, "phase_motional_global_spline_coeff": {"c0": [0.0, 0.0, 0.0, 0.0, 0.0, 0.0, 0.0, 0.0, 0.0, 0.0, 0.0, 0.0, 0.0, 0.0, 0.0, 0.0, 0.0, 0.0, 0.0, 0.0, 0.0, 0.0, 0.0, 0.0, 0.0, 0.0, 0.0, 0.0, 0.0, 0.0, 0.0, 0.0, 0.0, 0.0, 0.0, 0.0, 0.0, 0.0, 0.0, 0.0, 0.0, 0.0, 0.0, 0.0, 0.0, 0.0], "c1": [0.0, 0.0, 0.0, 0.0, 0.0, 0.0, 0.0, 0.0, 0.0, 0.0, 0.0, 0.0, 0.0, 0.0, 0.0, 0.0, 0.0, 0.0, 0.0, 0.0, 0.0, 0.0, 0.0, 0.0, 0.0, 0.0, 0.0, 0.0, 0.0, 0.0, 0.0, 0.0, 0.0, 0.0, 0.0, 0.0, 0.0, 0.0, 0.0, 0.0, 0.0, 0.0, 0.0, 0.0, 0.0, 0.0], "c2": [0.0, 0.0, 0.0, 0.0, 0.0, 0.0, 0.0, 0.0, 0.0, 0.0, 0.0, 0.0, 0.0, 0.0, 0.0, 0.0, 0.0, 0.0, 0.0, 0.0, 0.0, 0.0, 0.0, 0.0, 0.0, 0.0, 0.0, 0.0, 0.0, 0.0, 0.0, 0.0, 0.0, 0.0, 0.0, 0.0, 0.0, 0.0, 0.0, 0.0, 0.0, 0.0, 0.0, 0.0, 0.0, 0.0], "c3": [0.0, 0.0, 0.0, 0.0, 0.0, 0.0, 0.0, 0.0, 0.0, 0.0, 0.0, 0.0, 0.0, 0.0, 0.0, 0.0, 0.0, 0.0, 0.0, 0.0, 0.0, 0.0, 0.0, 0.0, 0.0, 0.0, 0.0, 0.0, 0.0, 0.0, 0.0, 0.0, 0.0, 0.0, 0.0, 0.0, 0.0, 0.0, 0.0, 0.0, 0.0, 0.0, 0.0, 0.0, 0.0, 0.0]}, "amplitude_norm_MHz_pi_phasespace_area": 0.9707152846743073}, {"number_spline_segments": 46, "edge_time_mu": 21200, "segment_time_mu": [200, 200, 200, 200, 200, 200, 200, 200, 600, 600, 600, 600, 600, 600, 600, 600, 600, 600, 600, 600, 600, 600, 600, 600, 600, 600, 600, 600, 600, 600, 600, 600, 600, 600, 600, 600, 600, 600, 200, 200, 200, 200, 200, 200, 200, 200], "delay_from_prev_edge_mu": 0, "idx_ion_driven": 3, "amplitude_ind_spline_coeff": {"c0": [0.006291635156813495, 0.01891347791099746, 0.04692674420177432, 0.09095753797962271, 0.16098435060367514, 0.25191231724482055, 0.33859208648767775, 0.392815066734886, 0.4144664281967933, 0.43887581721439173, 0.45273550762474835, 0.44068625037333803, 0.43697666453463363, 0.4137663733649528, 0.39186731161157656, 0.42349317151766575, 0.4618349458357245, 0.4498848190846514, 0.42723467277191063, 0.419437745584919, 0.4070254011916226, 0.40788726519142876, 0.4418586358624432, 0.4661256732491465, 0.44166885284892565, 0.4077556918629673, 0.4070402526087067, 0.4195251139761349, 0.4273798902361778, 0.4499738343791523, 0.46172222114329703, 0.4232872545563585, 0.3918196089558068, 0.4138789819107988, 0.4371325795824133, 0.44075826413060537, 0.4526184232086697, 0.43915690981544087, 0.41378061616874456, 0.39208795134162316, 0.3371268150472016, 0.25004183698845517, 0.15932744387600442, 0.08982637633011373, 0.04591285506608411, 0.01866853266596851],