{"gate_name": "Milburn_single_ion_rectangular_loop_v1", "chain_length": 3, "idx_ion_convention": "leftmost is 0", "radial_freq_MHz": [3.029, 2.942, 2.817, 3.2897013, 3.2112344, 3.0980639], "calculated_drive_freq_MHz": 2.817, "edges": [{"number_spline_segments": 46, "edge_time_mu": 10600, "segment_time_mu": [100, 100, 100, 100, 100, 100, 100, 100, 300, 300, 300, 300, 300, 300, 300, 300, 300, 300, 300, 300, 300, 300, 300, 300, 300, 300, 300, 300, 300, 300, 300, 300, 300, 300, 300, 300, 300, 300, 100, 100, 100, 100, 100, 100, 100, 100], "delay_from_prev_edge_mu": 0, "idx_ion_driven": 0, "amplitude_ind_spline_coeff": {"c0": [0.0005015325496008895, 0.008664562613759603, 0.05543988052225192, 0.0990424408551788, 0.16640473144487156, 0.2597770410546372, 0.36932974134703545, 0.4646993181775857, 0.50742635230089, 0.4304298528989394, 0.45639486405676843, 0.45672105076555636, 0.42901386019030385, 0.43447034386149347, 0.4406885371871596, 0.4433505703616495, 0.4594076551527585, 0.46476586908537676, 0.45164448423476444, 0.4437822401119033, 0.44146693160077616, 0.43886903729201515, 0.4455546113464403, 0.4525559279680254, 0.44551971014726915, 0.4388408590113884, 0.4414754813003107, 0.44383860005271064, 0.45171580478335077, 0.46477295823297726, 0.45935640419735546, 0.443288664636952, 0.44061450754248077, 0.43445610157177433, 0.4291558321442967, 0.4566736064163508, 0.4562770925828529, 0.4318362507556027, 0.5062785066683951, 0.46324343579710314, 0.3671577555738624, 0.2576859785018635, 0.16479305289900023, 0.09795344806865054, 0.05230240363440282, 0.009473190767136213], "c1": [0.0032749555781286326, 0.04327588402878643, 0.03371343896617785, 0.054505258206149924, 0.08046197617337703, 0.10434507946094736, 0.10934769311986553, 0.07466832206266069, 0.00950255983316374, -0.03641970663759491, 0.04307606782889155, -0.03376887326182354, -0.011269381100451692, 0.013787424230793127, -0.0008119525498835251, 0.009662841425169525, 0.017073196281736744, -0.007183232944169661, -0.014090648401543025, -0.0024148172210200964, -0.003415757611212817, 0.0004307501120027795, 0.010955005781251586, 0.0003514444652089604, -0.011120246841033986, -0.0008911049906008574, 0.0038818792708785366, 0.0023093919876818825, 0.013435148332021685, 0.007922151380024224, -0.016675433411671273, -0.010766437079975473, 0.001379417045896549, -0.012850426473283041, 0.008805999391483747, 0.03499432415249124, -0.037436486458732966, 0.01141540493208955, -0.009042668510700569, -0.07494603627456985, -0.10987640040838297, -0.10448148803842673, -0.08019641168968482, -0.05410984734717746, 0.009609880854541886, -0.024829992746380123], "c2": [-0.004162160274370488, 0.05281495284962862, 0.008782644575434212, 0.012323709138074897, 0.01433271798115889, 0.010384226620055852, -0.00629478096585842, -0.0318340869714036, -0.2365556047964061, 0.11420753912508312, -0.05080933862365158, -0.006870567430378939, 0.0263181514617928, -0.007738869448289257, -0.0012747607902368096, 0.012441162513526336, -0.010123289879602952, -0.011687447366490447, 0.006984600501149057, 0.001742209274834596, -0.002006197301802999, 0.008179387274834627, -0.00042938155367532445, -0.010981875978387134, 0.0026215007306866923, 0.00634018717678574, -0.0032490526732981365, 0.00491722953906807, 0.005400248193696085, -0.015109130883230211, -0.005345921123821338, 0.012979146075920352, -0.0076217181288015245, -0.00200287427518926, 0.0321635173504888, -0.02809324778411147, -0.03988534479808797, 0.2172600456636202, -0.03531734140673075, -0.028823562993854794, -0.0046701407018809125, 0.010224888944019976, 0.013910043756346559, 0.012032201763270337, -0.11607022245429094, 0.02587843297288368], "c3": [0.010404592693695579, -0.05168961553631788, 0.0011037264545912776, 0.0005282781260512864, -0.0014261895955686155, -0.005162253763343238, -0.007653456170120657, -0.0010737107014446347, 0.1512362676866662, -0.05168681485871334, 0.0078012119486794455, 0.013003914738356914, -0.009523271079809091, 9.274367347543531e-05, 0.0047553564145391535, -0.005989539983422922, -0.001633027254159647, 0.005730481874418552, -0.0007176779558578445, -0.0016578860880483697, 0.002801855184974649, -0.0018877085344254554, -0.003524571613375968, 0.0035575431631937843, 0.0018424586939496405, -0.0027997125261937862, 0.0016917537208012427, 0.0006699754862252092, -0.005737381114520517, 0.0017126790132382995, 0.0059478683942253245, -0.00481017667957455, 1.3752499079563185e-05, 0.00948271231048333, -0.013191772976325358, -0.007440992770795279, 0.05171815459654113, -0.15329386115483049, 0.0012946847090606302, 0.0076701448378203195, 0.0050787039302015126, 0.0013686804621172448, -0.000550529813303921, -0.0011066805339044643, 0.06263892803856365, -0.010076173186616568]}, "phase_motional_global_spline_coeff": {"c0": [0.0, 0.0, 0.0, 0.0, 0.0, 0.0, 0.0, 0.0, 0.0, 0.0, 0.0, 0.0, 0.0, 0.0, 0.0, 0.0, 0.0, 0.0, 0.0, 0.0, 0.0, 0.0, 0.0, 0.0, 0.0, 0.0, 0.0, 0.0, 0.0, 0.0, 0.0, 0.0, 0.0, 0.0, 0.0, 0.0, 0.0, 0.0, 0.0, 0.0, 0.0, 0.0, 0.0, 0.0, 0.0, 0.0], "c1": [0.0, 0.0, 0.0, 0.0, 0.0, 0.0, 0.0, 0.0, 0.0, 0.0, 0.0, 0.0, 0.0, 0.0, 0.0, 0.0, 0.0, 0.0, 0.0, 0.0, 0.0, 0.0, 0.0, 0.0, 0.0, 0.0, 0.0, 0.0, 0.0, 0.0, 0.0, 0.0, 0.0, 0.0, 0.0, 0.0, 0.0, 0.0, 0.0, 0.0, 0.0, 0.0, 0.0, 0.0, 0.0, 0.0], "c2": [0.0, 0.0, 0.0, 0.0, 0.0, 0.0, 0.0, 0.0, 0.0, 0.0, 0.0, 0.0, 0.0, 0.0, 0.0, 0.0, 0.0, 0.0, 0.0, 0.0, 0.0, 0.0, 0.0, 0.0, 0.0, 0.0, 0.0, 0.0, 0.0, 0.0, 0.0, 0.0, 0.0, 0.0, 0.0, 0.0, 0.0, 0.0, 0.0, 0.0, 0.0, 0.0, 0.0, 0.0, 0.0, 0.0], "c3": [0.0, 0.0, 0.0, 0.0, 0.0, 0.0, 0.0, 0.0, 0.0, 0.0, 0.0, 0.0, 0.0, 0.0, 0.0, 0.0, 0.0, 0.0, 0.0, 0.0, 0.0, 0.0, 0.0, 0.0, 0.0, 0.0, 0.0, 0.0, 0.0, 0.0, 0.0, 0.0, 0.0, 0.0, 0.0, 0.0, 0.0, 0.0, 0.0, 0.0, 0.0, 0.0, 0.0, 0.0, 0.0, 0.0]}, "amplitude_norm_MHz_pi_phasespace_area": 1.0593218319157853}, {"number_spline_segments": 46, "edge_time_mu": 10600, "segment_time_mu": [100, 100, 100, 100, 100, 100, 100, 100, 300, 300, 300, 300, 300, 300, 300, 300, 300, 300, 300, 300, 300, 300, 300, 300, 300, 300, 300, 300, 300, 300, 300, 300, 300, 300, 300, 300, 300, 300, 100, 100, 100, 100, 100, 100, 100, 100], "delay_from_prev_edge_mu": 0, "idx_ion_driven": 2, "amplitude_ind_spline_coeff": {"c0": [0.0005090161649906021, 0.00879387628900231, 0.05626885705880324, 0.10052998022846552, 0.1689339755385932, 0.26383428577704193, 0.37538882871921186, 0.47279753213967673, 0.5165771463741604, 0.4377545190234574, 0.4643004129659855, 0.4646348102748535, 0.43630748231923244, 0.4418834817868909, 0.44823938159139276, 0.45096093130919346, 0.4673831351273793, 0.47286593633833596, 0.4594419747183614, 0.45140221358619065, 0.44903514422993085, 0.4463794323104027, 0.4532143783403676, 0.4603741980729659, 0.4531786828489843, 0.44635063217730564, 0.4490438776107292, 0.45145982650815447, 0.4595149852692673, 0.47287310043625513, 0.46733079919056936, 0.4508975629798114, 0.4481637012389515, 0.4418689509515924, 0.4364527316575344, 0.4645856618922772, 0.46418120363691107, 0.4392010268771694, 0.5153921223324246, 0.47130837746870136, 0.3731738335877686, 0.26170738318069975, 0.1672969114373358, 0.09942444441529946, 0.05308444249779125, 0.009614564276125389],