{"gate_name": "squeezing_stage_corner_v1", "chain_length": 3, "idx_ion_convention": "leftmost is 0", "radial_freq_MHz": [3.027, 2.939, 2.8127], "calculated_drive_freq_MHz": 2.8127, "corner": [{"number_spline_segments": [6, 4, 6], "corner_time_mu": 9000, "segment_time_mu": [180, 180, 180, 180, 180, 180, 1710, 1710, 1710, 1710, 180, 180, 180, 180, 180, 180], "idx_ion_driven": 1, "amplitude_ind_spline_coeff": {"c0": [0.0030937264493055357, 0.18149443220904496, 0.8190371778167226, 0.9442914222897497, 0.9497813708867486, 0.9499916710020957, 0.949999865296814, 0.9499999999999997, 0.9499999999999997, 0.9500000276798319, 0.949999751788031, 0.9499934807918435, 0.9498271442965183, 0.9445690957754407, 0.8063649152353023, 0.16741413099418193], "c1": [-0.03176870848210268, 0.4642770794242077, 0.3524920609707526, 0.01667570565106305, 0.0006407020076950869, 2.4411468968260246e-05, 9.270787810998275e-07, 3.805641648995489e-15, 3.805641648995489e-15, -4.338995428496673e-07, -3.2303038996903285e-06, -8.476025891451747e-05, -0.0021910451569822566, -0.03903276081720546, -0.3284084933147851, -0.3949214555302564], "c2": [0.18839927790698316, 0.6776891118318858, -0.36402852650927847, -0.018724903639575772, -0.0007216542445694392, -2.7499062577986354e-05, -1.7733837896210615e-06, -7.48692291614391e-15, -7.48692291614391e-15, 1.3522470615477132e-06, 6.580716384620159e-06, 0.00017259293215255304, 0.004407434870832182, 0.04835182175914087, -0.8249735504792526, 0.2524960591220617], "c3": [0.021104081869753315, -0.5081139616730825, 0.13754621239099904, 0.007598606430938063, 0.000293573747772593, 1.118785155210386e-05, 1.0065166001210625e-06, 3.6805242675400604e-15, 3.6805242675400604e-15, -1.0921972735142575e-06, -1.2140206095393986e-05, -0.00031854918925721624, -0.008235056877754669, -0.14442366568049478, 0.5174871794637658, -0.01948440625813044]}}]}