{"gate_name": "squeezing_stage_corner_v1", "chain_length": 3, "idx_ion_convention": "leftmost is 0", "radial_freq_MHz": [3.027, 2.939, 2.8127], "calculated_drive_freq_MHz": 2.8127, "corner": [{"number_spline_segments": [6, 4, 6], "corner_time_mu": 30000, "segment_time_mu": [300, 300, 300, 300, 300, 300, 6600, 6600, 6600, 6600, 300, 300, 300, 300, 300, 300], "idx_ion_driven": 1, "amplitude_ind_spline_coeff": {"c0": [5.610144573487898e-06, 0.0003698631461230121, 0.015004280005366301, 0.6237083449052078, 0.9479401121630397, 0.9499911004005116, 0.9499999943012114, 0.9500000000000002, 0.9500000000000002, 0.9500000017382526, 0.9500002985284766, 0.9500686570717198, 0.9500136037895954, 0.5725961084373148, 0.005612549849126794, 4.156070346977485e-06], "c1": [5.3189801876864404e-05, 0.00501891631860007, -0.08566458171329305, 1.1717573739458431, 0.008664269876646568, 3.7461253129101785e-05, 4.190106999240516e-08, 2.7502904969584425e-16, 2.7502904969584425e-16, -2.6510609134331378e-08, -8.056539230017314e-06, -0.0018566576943621345, -0.0965776341989552, -1.6268425538035842, -0.02360480581822955, -2.12307191158113e-05], "c2": [-0.00017399292081197852, -0.01829379203656795, 0.40838458787072474, -1.467841369560383, -0.012407893532635285, -5.3677598248693756e-05, -8.292491874970839e-08, -3.758392100889661e-15, -3.758392100889661e-15, 8.037521829725156e-08, 2.9348588325228332e-05, 0.006764938040413425, 0.36150486563911943, 1.5497763602007422, 0.03383477101248847, 3.63488434510114e-05], "c3": [0.00014410551670938733, 0.020813978643821802, 0.29983519378954293, 0.6239719541398472, 0.005855906629908464, 2.5343308936047816e-05, 4.804650968989579e-08, 4.389687792632266e-15, 4.389687792632266e-15, -6.308541281290887e-08, -3.3275786433297684e-05, -0.007679883442644291, -0.6544303831631333, -0.486097302039366, -0.01599565963300965, -1.9521687450147614e-05]}}]}