{"gate_name": "squeezing_stage_corner_v1", "chain_length": 3, "idx_ion_convention": "leftmost is 0", "radial_freq_MHz": [3.027, 2.939, 2.8127], "calculated_drive_freq_MHz": 2.8127, "corner": [{"number_spline_segments": [6, 4, 6], "corner_time_mu": 12000, "segment_time_mu": [240, 240, 240, 240, 240, 240, 2280, 2280, 2280, 2280, 240, 240, 240, 240, 240, 240], "idx_ion_driven": 1, "amplitude_ind_spline_coeff": {"c0": [0.0014505226328628013, 0.12089217345862832, 0.875273529129934, 0.9489683458239966, 0.9499867660699713, 0.9499998304026084, 0.9499999992429826, 0.9499999999999997, 0.9499999999999997, 0.9500000001717185, 0.9500000016597182, 0.9500001294968411, 0.9500100135332301, 0.9502905767137799, 0.8585713757791155, 0.10745207486234576], "c1": [0.010840301738686563, 0.4084111301750937, 0.2617406825635381, 0.0037417327228118375, 4.802025097977798e-05, 6.153997062186868e-07, 5.332516002595461e-09, 3.805641648995489e-15, 3.805641648995489e-15, -2.6675203235512945e-09, -9.466724396661901e-08, -7.386832780028342e-06, -0.0005746922661991862, -0.03555892390666824, -0.14696767681952502, -0.3574845181698255], "c2": [-0.052322104302927885, 1.3246355527675255, -0.3310666359054427, -0.004877079127553018, -6.261481168455524e-05, -8.024390632808287e-07, -1.0324210942033638e-08, -7.48692291614391e-15, -7.48692291614391e-15, 8.233664273930063e-09, 3.032314833918583e-07, 2.3660892617572095e-05, 0.0018402421686794532, 0.11062658474875538, -1.615629243868546, 0.40023674330948456], "c3": [0.16019305105075446, -0.9889048346119875, 0.14435404911607616, 0.0021759892245913305, 2.7944624247566178e-05, 3.581251763033096e-07, 5.902708723743528e-09, 3.6805242675400604e-15, 3.6805242675400604e-15, -6.581999004372863e-09, -3.9933898436592495e-07, -3.1160454528805544e-05, -0.0024258099716052, -0.15799222012851163, 1.0159023921534625, -0.1502631408390422]}}]}