{"gate_name": "squeezing_stage_corner_v1", "chain_length": 3, "idx_ion_convention": "leftmost is 0", "radial_freq_MHz": [3.0450000000000004, 2.959251058242181, 2.834848387779814], "calculated_drive_freq_MHz": 2.834848387779814, "corner": [{"number_spline_segments": [6, 4, 6], "corner_time_mu": 14000, "segment_time_mu": [140, 140, 140, 140, 140, 140, 3080, 3080, 3080, 3080, 140, 140, 140, 140, 140, 140], "idx_ion_driven": 1, "amplitude_ind_spline_coeff": {"c0": [0.0007427692784229317, 0.007596703878221203, 0.09281972404434317, 0.5439755682615495, 0.8977805448807581, 0.9456751033388321, 0.9499091778763974, 0.9500000000000002, 0.9500000000000002, 0.9500221663351653, 0.9496331259909916, 0.9452789001523284, 0.8897345852216677, 0.5172924428773155, 0.08124441471771675, 0.002980395507945298], "c1": [0.006833156671874523, 0.026573324350355712, 0.16798912478335284, 0.6271068498185303, 0.11975831057112354, 0.010277625371801602, 0.0006509174688208887, 2.7502904969584425e-16, 2.7502904969584425e-16, -0.0003415235782218915, -0.0015564167662718952, -0.017735215154991223, -0.11493418299084453, -0.6437660462001427, -0.18798294843486804, -0.010400072571433222], "c2": [-0.023069660170262442, -0.00543479971776346, 0.393288224938632, -0.30128876946301625, -0.11114330339717043, -0.009921952155849033, -0.0012715790894580151, -3.758392100889661e-15, -3.758392100889661e-15, 0.0010462710707706071, 0.0011478890330480136, 0.007340274738256436, -0.2574909099117705, 0.13451587868864331, 0.18522388205453702, 0.0134183822141053], "c3": [0.022474215607439896, 0.062091519187416386, -0.10705117051063401, 0.026803818151288572, 0.03945284852612311, 0.0036461826542407835, 0.0007310053508827115, 4.389687792632266e-15, 4.389687792632266e-15, -0.0008300404768932577, -0.004132619479468906, -0.04375208802745546, -0.003269158079509912, 0.07473080325194471, -0.07392943525188501, -0.006048181855027746]}}]}