{"gate_name": "squeezing_stage_corner_v1", "chain_length": 3, "idx_ion_convention": "leftmost is 0", "radial_freq_MHz": [3.027, 2.939, 2.8127], "calculated_drive_freq_MHz": 2.8127, "corner": [{"number_spline_segments": [6, 4, 6], "corner_time_mu": 35000, "segment_time_mu": [350, 350, 350, 350, 350, 350, 7700, 7700, 7700, 7700, 350, 350, 350, 350, 350, 350], "idx_ion_driven": 1, "amplitude_ind_spline_coeff": {"c0": [1.0547760203273502e-06, 0.0002444205176164259, 0.010128170795006459, 0.6501004483007607, 0.9492655713018154, 0.9499987215260516, 0.9499999997027593, 0.9500000000000002, 0.9500000000000002, 0.9500000000957662, 0.9500000662991629, 0.9500380203985642, 0.9549866947506365, 0.5881513282563706, 0.002386681527459073, 5.490973753737828e-07], "c1": [9.957776768994498e-06, 0.0028281077342609835, -0.06970947458765285, 1.2241787011666347, 0.003373858686142654, 5.874441602250997e-06, 2.1922795159594387e-09, 2.7502904969584425e-16, 2.7502904969584425e-16, -1.458750539021042e-09, -1.5326870410592585e-06, -0.0008792224378264214, -0.1588325576835077, -1.9285413361609927, -0.010887718249850785, -2.8151993323408552e-06], "c2": [-3.237200860682998e-05, -0.010463270238884768, 0.14076617631894686, -1.6899897646905908, -0.005101643389630728, -8.884215699429194e-06, -4.345445826586212e-09, -3.758392100889661e-15, -3.758392100889661e-15, 4.417130027486272e-09, 5.668033492166847e-06, 0.0032518999712679315, 0.6454225595953579, 2.1386121780406304, 0.016468675546870044, 4.990648141154772e-06], "c3": [2.6527945542217374e-05, 0.01101063717545503, 0.583705460276413, 0.7713713546770173, 0.0024899036648877576, 4.336501692882182e-06, 2.520107857512102e-09, 4.389687792632266e-15, 4.389687792632266e-15, -3.4625457028277815e-09, -5.958234292129496e-06, -0.0034195137515335844, -0.8634111728667635, -0.7944412335768551, -0.008042365530065357, -2.737797223552299e-06]}}]}