{"gate_name": "squeezing_stage_corner_v1", "chain_length": 3, "idx_ion_convention": "leftmost is 0", "radial_freq_MHz": [3.027, 2.939, 2.8127], "calculated_drive_freq_MHz": 2.8127, "corner": [{"number_spline_segments": [6, 4, 6], "corner_time_mu": 20000, "segment_time_mu": [200, 200, 200, 200, 200, 200, 4400, 4400, 4400, 4400, 200, 200, 200, 200, 200, 200], "idx_ion_driven": 1, "amplitude_ind_spline_coeff": {"c0": [0.00013965730209637483, 0.000610240699127007, 0.04153014010030716, 0.5726851380670723, 0.9340973620585951, 0.9495720866723678, 0.9499977229986024, 0.9500000000000002, 0.9500000000000002, 0.9500006134346584, 0.9499925998481117, 0.9497035842899537, 0.9294051328343448, 0.5380219814778436, 0.030675863463062128, 0.0002483712009588151], "c1": [0.0013309986939332274, 0.013231904024042746, 0.030245660689207674, 0.8922132518589823, 0.05028476855119181, 0.0013646201914310223, 1.655837905271337e-05, 2.7502904969584425e-16, 2.7502904969584425e-16, -9.39691120443097e-06, -0.00019839447809883937, -0.007115027459458024, -0.04679800809564794, -0.9930434071510105, -0.09703449894674644, -0.0011036237523435574], "c2": [-0.004441661294386745, -0.032872738244113624, 0.5810848915833172, -0.7540574664979128, -0.05958183974573914, -0.0016295051404247836, -3.258781597254231e-05, -3.758392100889661e-15, -3.758392100889661e-15, 2.8617312277920977e-05, 0.0005158867206518817, 0.01809546216820392, -0.16381106859820396, 0.5084270921224778, 0.11614081733432859, 0.0016672470686098556], "c3": [0.003874975889255284, 0.05552568628396717, -0.07237901631714308, 0.22242045608456262, 0.024954870581740243, 0.0006866284623056214, 1.8818030784994225e-05, 4.389687792632266e-15, 4.389687792632266e-15, -2.2564117674010757e-05, -0.0008231466976651876, -0.02969215590394197, -0.18893661060129746, -0.01869175656190304, -0.04960304990233765, -0.0008291924762941536]}}]}