{"gate_name": "squeezing_stage_corner_v1", "chain_length": 3, "idx_ion_convention": "leftmost is 0", "radial_freq_MHz": [3.027, 2.939, 2.8127], "calculated_drive_freq_MHz": 2.8127, "corner": [{"number_spline_segments": [6, 4, 6], "corner_time_mu": 18000, "segment_time_mu": [180, 180, 180, 180, 180, 180, 3960, 3960, 3960, 3960, 180, 180, 180, 180, 180, 180], "idx_ion_driven": 1, "amplitude_ind_spline_coeff": {"c0": [0.00025363472627477066, 0.0016156653612270807, 0.053806933442442084, 0.5629999164512867, 0.9262346296762638, 0.9490734497153576, 0.9499923016688867, 0.9500000000000002, 0.9500000000000002, 0.9500020136845119, 0.9499683920236945, 0.9491399428540409, 0.9203703477291185, 0.5309744589691019, 0.0427023884720328, 0.0005695292983590065], "c1": [0.002408795478193843, 0.016083582487594637, 0.07526952611196434, 0.8092549127298503, 0.06883925682620401, 0.002721141443115296, 5.577374820760614e-05, 2.7502904969584425e-16, 2.7502904969584425e-16, -3.08925239878108e-05, -0.0003822571550850095, -0.009345227546459252, -0.060803529888541465, -0.8713472554033387, -0.12386409149999163, -0.0023696599407924904], "c2": [-0.008077789333004438, -0.029528026391362164, 0.5404103657706434, -0.592522891479261, -0.0765870878960237, -0.0030679181073664, -0.00010955789896739135, -3.758392100889661e-15, -3.758392100889661e-15, 9.422302438611259e-05, 0.0007901428857317931, 0.018185908430521428, -0.22330949747028656, 0.3556152495547301, 0.14025284614104208, 0.003434111980603259], "c3": [0.007209130669230778, 0.061609944630442115, -0.10033617647114516, 0.1453051564550263, 0.03078664492054307, 0.0012464897459558795, 6.319262656928136e-05, 4.389687792632266e-15, 4.389687792632266e-15, -7.440892284992965e-05, -0.0014671083488086245, -0.03584569246896704, -0.11178409267738819, 0.030813216205663883, -0.05834231531906713, -0.0016645528867424483]}}]}