{"gate_name": "squeezing_stage_corner_v1", "chain_length": 3, "idx_ion_convention": "leftmost is 0", "radial_freq_MHz": [3.027, 2.939, 2.8127], "calculated_drive_freq_MHz": 2.8127, "corner": [{"number_spline_segments": [6, 4, 6], "corner_time_mu": 10000, "segment_time_mu": [200, 200, 200, 200, 200, 200, 1900, 1900, 1900, 1900, 200, 200, 200, 200, 200, 200], "idx_ion_driven": 1, "amplitude_ind_spline_coeff": {"c0": [0.0019202756149826882, 0.15906099944151214, 0.8408198899162139, 0.9467671142312636, 0.9499140892933653, 0.9499977239216666, 0.9499999761854917, 0.9499999999999997, 0.9499999999999997, 0.9500000050835811, 0.949999968812679, 0.9499988222639717, 0.9499548745873985, 0.9475216559240804, 0.8269498316609475, 0.145158323819652], "c1": [-0.017536148356823173, 0.45649454527191685, 0.32585161817176306, 0.010263510946260476, 0.00027319917368531245, 7.238332892856961e-06, 1.6544666970159816e-07, 3.805641648995489e-15, 3.805641648995489e-15, -7.93984022619687e-08, -9.843818454743384e-07, -3.714943534887321e-05, -0.0013893065061616873, -0.03715242607655556, -0.28199669856711107, -0.39334950651610556], "c2": [0.0885328604407972, 0.8744359722157576, -0.36576565403887096, -0.012221634598513581, -0.0003258192505546924, -8.632836031734564e-06, -3.1803103967672364e-07, -7.48692291614391e-15, -7.48692291614391e-15, 2.4648146377687885e-07, 2.511390403224378e-06, 9.476739419686669e-05, 0.003530494892691691, 0.07783335203629867, -1.0653094479060834, 0.331431972777851], "c3": [0.08492860959743348, -0.6547109834669443, 0.14688288843234548, 0.005149853886111905, 0.00013745528437165232, 3.6421004709478354e-06, 1.8104133051920784e-07, 3.6805242675400604e-15, 3.6805242675400604e-15, -1.9824402629505657e-07, -3.988173998579678e-06, -0.00015051348131399684, -0.005635065891471752, -0.15653662867671783, 0.6687746639608878, -0.08017796305241702]}}]}