{"gate_name": "squeezing_stage_corner_v1", "chain_length": 3, "idx_ion_convention": "leftmost is 0", "radial_freq_MHz": [3.027, 2.939, 2.8127], "calculated_drive_freq_MHz": 2.8127, "corner": [{"number_spline_segments": [6, 4, 6], "corner_time_mu": 11000, "segment_time_mu": [110, 110, 110, 110, 110, 110, 2420, 2420, 2420, 2420, 110, 110, 110, 110, 110, 110], "idx_ion_driven": 1, "amplitude_ind_spline_coeff": {"c0": [0.0013004191039598018, 0.02152511258850173, 0.1398476687054968, 0.5297062453484407, 0.8579868476155678, 0.9363867340262386, 0.9493994684376236, 0.9500000000000002, 0.9500000000000002, 0.9501368042402577, 0.9479610817977965, 0.9350550999803617, 0.848583627579657, 0.5075886741127708, 0.12844001939647492, 0.010220553055433186], "c1": [0.010585204178206567, 0.044781201644295575, 0.21878404822530986, 0.4856966344984136, 0.163278106370589, 0.025881772494098402, 0.004245853285033666, 2.7502904969584425e-16, 2.7502904969584425e-16, -0.0021191331887201745, -0.004945780608281658, -0.0325272620498674, -0.1644617847539229, -0.4896745015737631, -0.23457754787370552, -0.029377276839498746], "c2": [-0.035115412353226495, 0.027337868071462594, 0.2519642401389105, -0.1407902783099195, -0.12088870953862821, -0.02094381213530663, -0.008236655090396847, -3.758392100889661e-15, -3.758392100889661e-15, 0.006528436805650489, -0.0005291601570799902, -0.014926831941196232, -0.2078021991684758, 0.04445258511089996, 0.20509723871812768, 0.03304308018387548], "c3": [0.042139791642427364, 0.04540783185889499, -0.07953232409580209, -0.01732939683051604, 0.036089239156878866, 0.00683005636630889, 0.004715153554570629, 4.389687792632266e-15, 4.389687792632266e-15, -0.005209620291107999, -0.007506630424182263, -0.03826529668127693, 0.029845565586913304, 0.06603593247543867, -0.08451076505023408, -0.013639503038037702]}}]}