{"gate_name": "Milburn_single_ion_rectangular_loop_v1", "chain_length": 3, "idx_ion_convention": "leftmost is 0", "radial_freq_MHz": [3.0450000000000004, 2.959251058242181, 2.834848387779814], "calculated_drive_freq_MHz": 2.834848387779814, "edges": [{"number_spline_segments": 46, "edge_time_mu": 10600, "segment_time_mu": [100, 100, 100, 100, 100, 100, 100, 100, 300, 300, 300, 300, 300, 300, 300, 300, 300, 300, 300, 300, 300, 300, 300, 300, 300, 300, 300, 300, 300, 300, 300, 300, 300, 300, 300, 300, 300, 300, 100, 100, 100, 100, 100, 100, 100, 100], "delay_from_prev_edge_mu": 0, "idx_ion_driven": 0, "amplitude_ind_spline_coeff": {"c0": [0.0007172149604844614, 0.007912859640993376, 0.059794441129168346, 0.2504034620841132, 0.5560073656628187, 0.6138992701994908, 0.5269257454276368, 0.45993080053210933, 0.43578371579949643, 0.5201660215223313, 0.5641739378870444, 0.5051307975586788, 0.5036321910406306, 0.5219000270817322, 0.4924635855256112, 0.4934344589244327, 0.531105047336963, 0.5183322507416067, 0.48393801150844784, 0.4912950620737658, 0.4999514421070182, 0.4948630339663953, 0.5238760356863253, 0.5524058993375329, 0.523723378943113, 0.49474612499138837, 0.49989518536475264, 0.4912984577374027, 0.48405365802683664, 0.5184216541491723, 0.5310562360587444, 0.4933430073857327, 0.4925066367176799, 0.5218907917247879, 0.5036805367777886, 0.505390813504134, 0.5639576612567793, 0.5197729502988712, 0.43584366706517946, 0.46086274144354517, 0.5287766432712876, 0.6146980945713638, 0.5519051236923576, 0.24465181697823524, 0.05724137020612109, 0.007812408015171322], "c1": [0.002603814575498522, 0.023311045753959318, 0.09241768569778294, 0.29234652945809375, 0.2294977322147484, -0.06587652198831026, -0.08709809288860693, -0.0454550805730373, -0.014347090627387387, 0.12252157420099719, -0.03825369013924962, -0.04759238059226276, 0.03246553802133122, -0.008565581013787767, -0.03230092029261965, 0.03311320605769194, 0.0246133906256851, -0.041505957996464005, -0.015984396701160277, 0.020948787386647905, -0.005602309904453994, 0.00549410818336626, 0.04478090827380523, 0.0013668760425403958, -0.04543761788624757, -0.007573781734200561, 0.00732215921007044, -0.020151200434378114, 0.013324015443754564, 0.04230191856582078, -0.021722745800415246, -0.03548212503711052, 0.03045838475855985, 0.012308584967998693, -0.03291791561105889, 0.04208959029819541, 0.04358394854048156, -0.11502617359962054, 0.005068419593923345, 0.045785409395078594, 0.0841539269268152, 0.06468415993982697, -0.2251884800042737, -0.29828802303078683, -0.08508181158588408, -0.017471541122723564], "c2": [-0.001054049216352722, 0.01869958670489825, 0.08507618818113885, 0.11546296664905628, -0.21986002316567155, -0.0451926686937899, 0.018173664359521818, 0.02271182264294899, 0.16846568488772604, -0.06997995964926566, -0.05924420008833934, 0.05839875114539173, 0.0024346591516122944, -0.04149490104191606, 0.03209441516923056, 0.025832788593620898, -0.04563315228204729, -0.007178025082572596, 0.03432065165762993, -0.008731913178905605, -0.012159428934965093, 0.03101582060434225, -0.00209866087451316, -0.044466116817064284, 0.009340790889220522, 0.025444454834219872, -0.019873685721137197, 0.002148621299973932, 0.035669646792459354, -0.02193015965501678, -0.03732394071563471, 0.036354595650843126, 0.019381324585865896, -0.04771256198927143, 0.022900231248186936, 0.055553846725633266, -0.0978664989409785, -0.03819390009241219, 0.018523922569035095, 0.02410959825332698, 0.02734019916182031, -0.08207992896650415, -0.1837326486970862, 0.12619112588961628, 0.04244031488112829, 0.016099282263655226], "c3": [0.005918833469761345, 0.009231172718270295, 0.013260730786566005, -0.10187477459982316, 0.04785966345072407, 0.024206541126751153, 0.001945517856939237, -0.0014387120690507735, -0.06936403239913685, -0.008992298225129565, 0.03842017121187762, -0.012055963209486055, -0.016707817522098985, 0.020469461816123604, 0.0013064305719492572, -0.021177782266628722, 0.00806919009191241, 0.01430727478112443, -0.010848117145335186, -0.003653906334073102, 0.012605648648095701, -0.007357823629493655, -0.014153524425188893, 0.014278461079387947, 0.007188564304603225, -0.012629508027747403, 0.003823136413765966, 0.010741872366505268, -0.014447832963575425, -0.007837088248865427, 0.021205920967967595, -0.0015525903217757074, -0.020383164349196996, 0.01694488099946684, 0.011765936622152912, -0.03862008637014985, 0.009723356513533463, 0.06932823809283427, 0.0014099918943656499, -0.0020949150687730148, -0.025146070995551714, -0.045791697981415885, 0.10156885377729316, -0.014670154666579543, -0.007001901372749232, -0.005770431133622583]}, "phase_motional_global_spline_coeff": {"c0": [1.0731044795109436e-05, 0.001497659370794539, 0.002345776513120407, 0.0017115011907623224, -0.001573030122513906, -0.008896669996479195, -0.020958871914925268, -0.03585466686118589, -0.048393655093121025, -0.046021648800262015, -0.015413006318694874, 0.016293167965635406, 0.028181411371716168, 0.017263360763445295, -0.0025531895976204765, -0.013189891318833094, -0.0006428480340404287, 0.02053018600460805, 0.02702648464050053, 0.005874000550841219, -0.026336995749066054, -0.0473786115461708, -0.035890678938973734, 0.00013940368136577163, 0.036042655594358805, 0.04735818177861214, 0.026132131768292387, -0.006068883133588375, -0.027070324954935908, -0.02043213110465653, 0.0007765033584996575, 0.013182523697346647, 0.002458981161238836, -0.017402180150333076, -0.028153259027504016, -0.01616952401064002, 0.01567129698893812, 0.046125463620616425, 0.04827646405308913, 0.035564095044268836, 0.02068095965503349, 0.00870594340394535, 0.001475752025895145, -0.0017415859779889077, -0.0023358894029626336, -0.0014676135225904115], "c1": [0.0015317778782397407, 0.0012860651958250726, 0.00026606347270301386, -0.0017357074678961638, -0.0050642901500133316, -0.009676787540516223, -0.014075837479089295, -0.014795647118952777, -0.030773999657677367, 0.025017018295992326, 0.0333529064148813, 0.026280688256574106, -0.0021938429886878275, -0.017055731594558105, -0.0198727447295006, 0.0012569772479948578, 0.020394821336692275, 0.01834226747684041, -0.007743050877809678, -0.03056644370920427, -0.030577465365882517, -0.007586427960675366, 0.02812670821141115, 0.03965610093215823, 0.02836232896598027, -0.007054207883731775, -0.030705731323414816, -0.030570582410005192, -0.008299745919299672, 0.018208364539062164, 0.020513132789421924, 0.0018420191628424224, -0.019846444067148576, -0.01708049854900192, -0.002493066060917074, 0.025953603841931207, 0.03336410561849022, 0.024753432621908683, -0.009717688685237976, -0.014829384794772148, -0.014092600063854988, -0.009638317007059503, -0.004996587853761823, -0.0016772531101515718, 0.0003027988396619012, 0.0013027644529848394], "c2": [0.00013126791963322443, -0.00030203219241397346, -0.0007051495587852475, -0.001301839849413403, -0.002100061847199909, -0.0026764496296051116, -0.0017605450238312639, 0.0013172242545338331, 0.04397414152974787, 0.008300296354929628, 0.002757370761545293, -0.014372178753405497, -0.011156495256507238, -0.0056566854910864136, 0.005860599352055934, 0.014564026504952126, 0.004684261125509337, -0.008707497673786526, -0.017363864777626813, -0.004859878331034743, 0.004755371009890753, 0.021212690746486768, 0.012138988179063398, 0.0005440386638745889, -0.015025873387278284, -0.01893045220738171, -0.004720544742862312, 0.005634738873119283, 0.018145489580191417, 0.006877785986366199, -0.004832894494700392, -0.01603837500401907, -0.0028248087571201954, 0.0038155485963020552, 0.014652396694999474, 0.010180347605943774, -6.966860431453706e-05, -0.012016137580107679, -0.003873136654811769, -0.0009824740964773917, 0.0018412374389210685, 0.002571513811255848, 0.0020252982078496446, 0.0012765961789839011, 0.0007004128679776465, 0.00030298300851102445],