{"gate_name": "squeezing_stage_corner_v1", "chain_length": 3, "idx_ion_convention": "leftmost is 0", "radial_freq_MHz": [3.027, 2.939, 2.8127], "calculated_drive_freq_MHz": 2.8127, "corner": [{"number_spline_segments": [6, 4, 6], "corner_time_mu": 13000, "segment_time_mu": [260, 260, 260, 260, 260, 260, 2470, 2470, 2470, 2470, 260, 260, 260, 260, 260, 260], "idx_ion_driven": 1, "amplitude_ind_spline_coeff": {"c0": [0.002310546395567132, 0.10493707564911046, 0.8885602148246519, 0.9494181791941902, 0.9499948112101527, 0.9499999537508812, 0.9499999998640677, 0.9499999999999997, 0.9499999999999997, 0.9500000000316194, 0.9500000008746456, 0.9500000981263289, 0.9500109764872926, 0.9508604041340277, 0.87015288740137, 0.09244338900691565], "c1": [0.02129213532973538, 0.3706004950685601, 0.22914171898034835, 0.0022274832870644175, 1.986981945113466e-05, 1.7710556671310194e-07, 9.625562920493001e-10, 3.805641648995489e-15, 3.805641648995489e-15, -4.901745618561959e-10, -2.9379425958132036e-08, -3.296110435891433e-06, -0.00036919306084466907, -0.034483272117127296, -0.06240882414980848, -0.33009265552635925], "c2": [-0.09466295750670858, 1.5712594591465268, -0.3028489827373001, -0.0030083894114984024, -2.6840885732652787e-05, -2.392411495575033e-07, -1.8686355667537055e-09, -7.48692291614391e-15, -7.48692291614391e-15, 1.5097318953288039e-09, 9.929749901955633e-08, 1.1140290992408722e-05, 0.0012477378037100988, 0.11561554670644925, -1.9171039743125406, 0.40179261454961074], "c3": [0.17638307848984178, -1.1712946224737706, 0.13594554302625017, 0.0013724848865712097, 1.2247060392878097e-05, 1.0916199202986288e-07, 1.0701119507188898e-09, 3.6805242675400604e-15, 3.6805242675400604e-15, -1.204134081328711e-09, -1.2283455017891425e-07, -1.3780990314738571e-05, -0.0015441692255627353, -0.15061770874545624, 1.2064504921115644, -0.16453796409212035]}}]}