{"gate_name": "Milburn_single_ion_rectangular_loop_v1", "chain_length": 3, "idx_ion_convention": "leftmost is 0", "radial_freq_MHz": [3.0450000000000004, 2.959251058242181, 2.834848387779814], "calculated_drive_freq_MHz": 2.834848387779814, "edges": [{"number_spline_segments": 46, "edge_time_mu": 10600, "segment_time_mu": [100, 100, 100, 100, 100, 100, 100, 100, 300, 300, 300, 300, 300, 300, 300, 300, 300, 300, 300, 300, 300, 300, 300, 300, 300, 300, 300, 300, 300, 300, 300, 300, 300, 300, 300, 300, 300, 300, 100, 100, 100, 100, 100, 100, 100, 100], "delay_from_prev_edge_mu": 0, "idx_ion_driven": 0, "amplitude_ind_spline_coeff": {"c0": [0.00035861017484590033, 0.003956926970555118, 0.0298958545772931, 0.12354546814685317, 0.26072753104723145, 0.2834623788677865, 0.24873349059727193, 0.220225007773734, 0.20961211924317447, 0.24593532135300916, 0.26393666381507136, 0.2396168515834418, 0.23897932011361386, 0.24664106317086287, 0.23424442854442773, 0.23465170263778337, 0.25046585620012435, 0.24515356264137983, 0.23059972117439412, 0.2337443121935625, 0.23742247148654283, 0.23526316407333606, 0.2474648460343549, 0.25919219008624594, 0.2474024651877749, 0.23521330833839083, 0.2373992498422446, 0.23374563517175337, 0.23064714160632985, 0.24519455761612372, 0.2504397431695305, 0.23461903361080175, 0.23425766490842956, 0.2466395560552627, 0.23900343160003484, 0.23971094898638634, 0.2638746819416146, 0.2457381976628998, 0.20964863600609662, 0.22063059283455722, 0.24948831383989314, 0.2838354711503535, 0.2588740785620585, 0.12090636708544777, 0.028602653661933045, 0.003906160868234285], "c1": [0.0013018556200712478, 0.01164465900662273, 0.04570569706451493, 0.14289912460012175, 0.09122014345340285, -0.025035886774056083, -0.03615131748922308, -0.019825771257995884, -0.006226178786550904, 0.050836117170724525, -0.015159107287721326, -0.020175744435762935, 0.013732453488069873, -0.003523861329246024, -0.013808385718970332, 0.014170627768190135, 0.010123550202408776, -0.017298463497010162, -0.006864423608319653, 0.008926085219450748, -0.00236648247944243, 0.002332781111044198, 0.018649223637716445, 0.0005592841837814765, -0.018897030349338276, -0.003219762552503062, 0.003094673175065383, -0.008592213299016344, 0.005738506823904753, 0.017633540262886375, -0.008911580037522215, -0.015157421356437361, 0.013030178665519311, 0.005120764720711633, -0.013963908053874608, 0.017981383453553282, 0.017204035155942998, -0.047565717589631316, 0.0022233770385839905, 0.01992054364561043, 0.03510109887969721, 0.023562370300938003, -0.08889942731598383, -0.14445184632145894, -0.04247044993407848, -0.00873556023743115], "c2": [-0.000526839172123686, 0.009387993507746148, 0.04397947216768245, 0.0401230530173946, -0.09009504416801668, -0.01908448077103768, 0.0063493936387730415, 0.0097013577708712, 0.07448356977683775, -0.030607841902425905, -0.025005014772825587, 0.02475468899601083, 0.0007527164402417226, -0.01745515345617988, 0.013728928081702918, 0.010490726179741321, -0.018697469938710767, -0.0034750033565567246, 0.014755459678514432, -0.0037745027535764546, -0.005188605165630964, 0.013218441789700896, -0.0013526048007674422, -0.018030092491152668, 0.0035180754817733403, 0.010820704867487858, -0.008388008066745245, 0.0008444836645241018, 0.01516086359851558, -0.009324961483186758, -0.01580110632247346, 0.01552532671582492, 0.007849888544566069, -0.019818169066795666, 0.009725049769528218, 0.022216579908024225, -0.038121342334729455, -0.020340094155870212, 0.008276148380173614, 0.010270766221960433, 0.00907672770342802, -0.027371622187971255, -0.09568005473215477, 0.05749078811227439, 0.02112495061720042, 0.00804930809744761], "c3": [0.0029592308054386305, 0.004567877028020474, 0.004167397816665354, -0.04589893295235714, 0.021523529257343264, 0.009425436977409789, 0.0013001519272821758, -0.0004939288834430649, -0.031812677876382485, -0.002386064881022579, 0.0158141939918927, -0.005107672469474891, -0.006852440482241758, 0.008511394001331477, 0.0005479222790326622, -0.00881274568182928, 0.003190953752360785, 0.006225049432814996, -0.0046907162128420775, -0.0015123730782433534, 0.005366873641360076, -0.003290630311504091, -0.005569667785294595, 0.005622397736673937, 0.0032193177822586404, -0.0053766028334307605, 0.0015836956766001305, 0.004644591804682757, -0.00628138653153717, -0.003098722716145335, 0.00883141175713575, -0.0006576323998617772, -0.008470316107380103, 0.006952387176449614, 0.004978074159024352, -0.015875747690899774, 0.002657326999002039, 0.031823517924909325, 0.0004754799298812422, -0.001368318380237404, -0.009734901060087883, -0.02112072703586703, 0.04643525605819971, -0.005003063072561401, -0.003457721786218573, -0.0028850464865529304]}, "phase_motional_global_spline_coeff": {"c0": [1.0731044795109436e-05, 0.001497659370794539, 0.002345776513120407, 0.0017115011907623224, -0.001573030122513906, -0.008896669996479195, -0.020958871914925268, -0.03585466686118589, -0.048393655093121025, -0.046021648800262015, -0.015413006318694874, 0.016293167965635406, 0.028181411371716168, 0.017263360763445295, -0.0025531895976204765, -0.013189891318833094, -0.0006428480340404287, 0.02053018600460805, 0.02702648464050053, 0.005874000550841219, -0.026336995749066054, -0.0473786115461708, -0.035890678938973734, 0.00013940368136577163, 0.036042655594358805, 0.04735818177861214, 0.026132131768292387, -0.006068883133588375, -0.027070324954935908, -0.02043213110465653, 0.0007765033584996575, 0.013182523697346647, 0.002458981161238836, -0.017402180150333076, -0.028153259027504016, -0.01616952401064002, 0.01567129698893812, 0.046125463620616425, 0.04827646405308913, 0.035564095044268836, 0.02068095965503349, 0.00870594340394535, 0.001475752025895145, -0.0017415859779889077, -0.0023358894029626336, -0.0014676135225904115], "c1": [0.0015317778782397407, 0.0012860651958250726, 0.00026606347270301386, -0.0017357074678961638, -0.0050642901500133316, -0.009676787540516223, -0.014075837479089295, -0.014795647118952777, -0.030773999657677367, 0.025017018295992326, 0.0333529064148813, 0.026280688256574106, -0.0021938429886878275, -0.017055731594558105, -0.0198727447295006, 0.0012569772479948578, 0.020394821336692275, 0.01834226747684041, -0.007743050877809678, -0.03056644370920427, -0.030577465365882517, -0.007586427960675366, 0.02812670821141115, 0.03965610093215823, 0.02836232896598027, -0.007054207883731775, -0.030705731323414816, -0.030570582410005192, -0.008299745919299672, 0.018208364539062164, 0.020513132789421924, 0.0018420191628424224, -0.019846444067148576, -0.01708049854900192, -0.002493066060917074, 0.025953603841931207, 0.03336410561849022, 0.024753432621908683, -0.009717688685237976, -0.014829384794772148, -0.014092600063854988, -0.009638317007059503, -0.004996587853761823, -0.0016772531101515718, 0.0003027988396619012, 0.0013027644529848394], "c2": [0.00013126791963322443, -0.00030203219241397346, -0.0007051495587852475, -0.001301839849413403, -0.002100061847199909, -0.0026764496296051116, -0.0017605450238312639, 0.0013172242545338331, 0.04397414152974787, 0.008300296354929628, 0.002757370761545293, -0.014372178753405497, -0.011156495256507238, -0.0056566854910864136, 0.005860599352055934, 0.014564026504952126, 0.004684261125509337, -0.008707497673786526, -0.017363864777626813, -0.004859878331034743, 0.004755371009890753, 0.021212690746486768, 0.012138988179063398, 0.0005440386638745889, -0.015025873387278284, -0.01893045220738171, -0.004720544742862312, 0.005634738873119283, 0.018145489580191417, 0.006877785986366199, -0.004832894494700392, -0.01603837500401907, -0.0028248087571201954, 0.0038155485963020552, 0.014652396694999474, 0.010180347605943774, -6.966860431453706e-05, -0.012016137580107679, -0.003873136654811769, -0.0009824740964773917, 0.0018412374389210685, 0.002571513811255848, 0.0020252982078496446, 0.0012765961789839011, 0.0007004128679776465, 0.00030298300851102445],