{"gate_name": "Milburn_single_ion_rectangular_loop_v1", "chain_length": 3, "idx_ion_convention": "leftmost is 0", "radial_freq_MHz": [3.0450000000000004, 2.959251058242181, 2.834848387779814, 3.25713, 3.17944, 3.06739], "calculated_drive_freq_MHz": 2.834848387779814, "edges": [{"number_spline_segments": 46, "edge_time_mu": 10600, "segment_time_mu": [100, 100, 100, 100, 100, 100, 100, 100, 300, 300, 300, 300, 300, 300, 300, 300, 300, 300, 300, 300, 300, 300, 300, 300, 300, 300, 300, 300, 300, 300, 300, 300, 300, 300, 300, 300, 300, 300, 100, 100, 100, 100, 100, 100, 100, 100], "delay_from_prev_edge_mu": 0, "idx_ion_driven": 0, "amplitude_ind_spline_coeff": {"c0": [0.00016158110884290734, 0.0019613809771012666, 0.018805577707895493, 0.10563956511450319, 0.31013056709913767, 0.4692058174254964, 0.5350126283706879, 0.5494590425081712, 0.5331045888678179, 0.4418509394308871, 0.4718202680497635, 0.5740987481241642, 0.5961960413070391, 0.5534064159733829, 0.4777895991320866, 0.413705946113568, 0.4927145283693225, 0.6716044502931822, 0.6350479481819653, 0.44910713523274026, 0.444148624321194, 0.5661166622957418, 0.5455008900541757, 0.47866209428880263, 0.5455565826911472, 0.5659518510377889, 0.4437303054218797, 0.4498736326168433, 0.6353834772641948, 0.6716569404902035, 0.49162247924208097, 0.4135857140205629, 0.47830417626468225, 0.5539619451769155, 0.5961622823948666, 0.5736317787822808, 0.47142001405477946, 0.4421834417844952, 0.5334691579521772, 0.5495288756605109, 0.5343128822273988, 0.4669472344168263, 0.3061234595720468, 0.10248089258489065, 0.017922161534771833, 0.0019503537324232268], "c1": [0.0006676923611268173, 0.006631491533309851, 0.034899958107146876, 0.15177455211643, 0.2155197332150207, 0.10363544260270594, 0.03519826864047542, -0.0035094670880748686, -0.08464366870295215, -0.054042808485535526, 0.09811861378118354, 0.07794643903818955, -0.024548293963121973, -0.05636145219985211, -0.08826635784101397, -0.015539848235259869, 0.16162629993081404, 0.1402971570631675, -0.1856251621848364, -0.1307653858170768, 0.10339870496816002, 0.08865759499809264, -0.09974802178916795, -0.004571769871872366, 0.10220770041967822, -0.07960552199161684, -0.10871008278056478, 0.12159977222939147, 0.19379280691889275, -0.1300708823299422, -0.16948460542612023, 0.012353674173403696, 0.09102517303809679, 0.05625460987319829, 0.024206075251075564, -0.0738474028059603, -0.10015939952535362, 0.0465556409621244, 0.02677901336544636, 0.002794363437254055, -0.03686227213913103, -0.10339457931064225, -0.21445597504227187, -0.15418516107457989, -0.031310178721962026, -0.004607390658209299], "c2": [-0.0005014697196937158, 0.004041684168586736, 0.03297486701811533, 0.09795650148396982, -0.055874785647431376, -0.04567547940077095, -0.023620678326556604, -0.015460478195431303, -0.058987896408376914, 0.09803970567754863, 0.03758579069711685, -0.06557833010060105, -0.022282366005488937, -0.02330637307476769, -0.005058203068049752, 0.09773779757275226, 0.08783910887196578, -0.1980848950883892, -0.06667065841145216, 0.13773521105593528, 0.08198315586408995, -0.13844162549905328, -0.00679052239950591, 0.11219210164788469, -0.05435419160772928, -0.10596784439779133, 0.10382315770647675, 0.1314734831837165, -0.1394073690254286, -0.11930361061433134, 0.08887277520718492, 0.08146234911475883, -0.01174722890633977, -0.009499189700200614, -0.03744666264738703, -0.06214487833598441, 0.05751844847649041, 0.09764055407785414, -0.008287276788657524, -0.01511507432691677, -0.022332309817992127, -0.059325894729496745, -0.03338103072157658, 0.08902762423078334, 0.02050958033226394, 0.004479755685836507], "c3": [0.0017223125271637774, 0.005986943622138298, 0.018888036552718725, -0.04501363030772729, -0.0007189911405476414, 0.00786429984569671, 0.0028744724449197715, 0.0024417901297151697, 0.05237670973828574, -0.013784111408426296, -0.03339101438191492, 0.009547118659812422, 0.0042093400838282315, 0.003972156215574101, 0.029042498699149155, -0.003177396515459557, -0.06968517673421025, 0.020365097405123184, 0.06628601529997186, -0.011657895701089037, -0.06304714097180249, 0.028593084661361932, 0.03970133924486363, -0.04014833436732353, -0.027832317775548558, 0.06308457115404391, 0.011100726448088507, -0.06669326960716954, -0.019006963370035743, 0.06933072077996562, 0.0027742705668682387, -0.029021035425713944, -0.003787977948624592, -0.004370854106585736, -0.009328446633000361, 0.03353770560628093, 0.013408257333918094, -0.05273883197376596, -0.0024379392634427516, -0.0029124513007461276, -0.008015180585974927, 0.0016470197229282032, 0.044289100706122575, -0.019221429272928903, -0.005243153101145968, -0.001673029411627198]}, "phase_motional_global_spline_coeff": {"c0": [0.0, 0.0, 0.0, 0.0, 0.0, 0.0, 0.0, 0.0, 0.0, 0.0, 0.0, 0.0, 0.0, 0.0, 0.0, 0.0, 0.0, 0.0, 0.0, 0.0, 0.0, 0.0, 0.0, 0.0, 0.0, 0.0, 0.0, 0.0, 0.0, 0.0, 0.0, 0.0, 0.0, 0.0, 0.0, 0.0, 0.0, 0.0, 0.0, 0.0, 0.0, 0.0, 0.0, 0.0, 0.0, 0.0], "c1": [0.0, 0.0, 0.0, 0.0, 0.0, 0.0, 0.0, 0.0, 0.0, 0.0, 0.0, 0.0, 0.0, 0.0, 0.0, 0.0, 0.0, 0.0, 0.0, 0.0, 0.0, 0.0, 0.0, 0.0, 0.0, 0.0, 0.0, 0.0, 0.0, 0.0, 0.0, 0.0, 0.0, 0.0, 0.0, 0.0, 0.0, 0.0, 0.0, 0.0, 0.0, 0.0, 0.0, 0.0, 0.0, 0.0], "c2": [0.0, 0.0, 0.0, 0.0, 0.0, 0.0, 0.0, 0.0, 0.0, 0.0, 0.0, 0.0, 0.0, 0.0, 0.0, 0.0, 0.0, 0.0, 0.0, 0.0, 0.0, 0.0, 0.0, 0.0, 0.0, 0.0, 0.0, 0.0, 0.0, 0.0, 0.0, 0.0, 0.0, 0.0, 0.0, 0.0, 0.0, 0.0, 0.0, 0.0, 0.0, 0.0, 0.0, 0.0, 0.0, 0.0], "c3": [0.0, 0.0, 0.0, 0.0, 0.0, 0.0, 0.0, 0.0, 0.0, 0.0, 0.0, 0.0, 0.0, 0.0, 0.0, 0.0, 0.0, 0.0, 0.0, 0.0, 0.0, 0.0, 0.0, 0.0, 0.0, 0.0, 0.0, 0.0, 0.0, 0.0, 0.0, 0.0, 0.0, 0.0, 0.0, 0.0, 0.0, 0.0, 0.0, 0.0, 0.0, 0.0, 0.0, 0.0, 0.0, 0.0]}, "amplitude_norm_MHz_pi_phasespace_area": 1.2864652572720865}, {"number_spline_segments": 46, "edge_time_mu": 10600, "segment_time_mu": [100, 100, 100, 100, 100, 100, 100, 100, 300, 300, 300, 300, 300, 300, 300, 300, 300, 300, 300, 300, 300, 300, 300, 300, 300, 300, 300, 300, 300, 300, 300, 300, 300, 300, 300, 300, 300, 300, 100, 100, 100, 100, 100, 100, 100, 100], "delay_from_prev_edge_mu": 0, "idx_ion_driven": 2, "amplitude_ind_spline_coeff": {"c0": [0.00016594501788964205, 0.0020143488868617147, 0.019313090158537955, 0.1085160748308243, 0.3191103964498892, 0.484174446280022, 0.5530606878676603, 0.5682503112138582, 0.5510629562405875, 0.4556617809093398, 0.48690925641893434, 0.5942193611795459, 0.6175942851673447, 0.572406246799045, 0.4931367761706579, 0.4263886472166709, 0.5087582705890309, 0.6979958474719336, 0.6589103759892965, 0.46321320896992874, 0.45806877751216857, 0.5857900864700676, 0.5640874154025063, 0.4940474607890211, 0.5641378118630119, 0.5856384377217755, 0.4576143194630925, 0.464032493464022, 0.6592097647512634, 0.6981336605884116, 0.5075828052739167, 0.42626971974196054, 0.49367326291819325, 0.5729909032243904, 0.6175553389689077, 0.5937362604898567, 0.48648294699967526, 0.4560168007565498, 0.5514397718989815, 0.5683234972405711, 0.552324922736615, 0.48182042422340593, 0.3149715629222215, 0.10526844136556752, 0.018406300676996504, 0.0020030282342436887],