{"gate_name": "Milburn_single_ion_rectangular_loop_v1", "chain_length": 3, "idx_ion_convention": "leftmost is 0", "radial_freq_MHz": [3.0450000000000004, 2.959251058242181, 2.834848387779814, 3.25713, 3.17944, 3.06739], "calculated_drive_freq_MHz": 2.834848387779814, "edges": [{"number_spline_segments": 46, "edge_time_mu": 10600, "segment_time_mu": [100, 100, 100, 100, 100, 100, 100, 100, 300, 300, 300, 300, 300, 300, 300, 300, 300, 300, 300, 300, 300, 300, 300, 300, 300, 300, 300, 300, 300, 300, 300, 300, 300, 300, 300, 300, 300, 300, 100, 100, 100, 100, 100, 100, 100, 100], "delay_from_prev_edge_mu": 0, "idx_ion_driven": 0, "amplitude_ind_spline_coeff": {"c0": [0.00042442450900116155, 0.004763439299053033, 0.037804078350191526, 0.16992041889802995, 0.4081258898426914, 0.5157083687991141, 0.5150797892586235, 0.499564707673958, 0.4923095221587923, 0.5204214029523765, 0.5507764350887212, 0.5374296185195148, 0.5127213412205914, 0.49967920511774516, 0.4986886310911868, 0.5130173560930881, 0.5307984541621736, 0.5271124713628489, 0.5041693448102089, 0.48663407169784195, 0.48759214079384827, 0.5076212454065037, 0.5378429472907561, 0.5534589653243481, 0.5376840598398129, 0.5074337397688679, 0.4875137651200022, 0.4867042300392177, 0.5043192567890444, 0.527198461889685, 0.5307525287575483, 0.5129034381109779, 0.49862624415483797, 0.49972808542515307, 0.512879995838707, 0.5375606471891208, 0.5506772241513355, 0.520213698020232, 0.492315060922857, 0.4998286554713994, 0.5154378568921174, 0.5148654395274401, 0.4042507003734751, 0.16576759881015316, 0.03614723914333164, 0.004709128496257789], "c1": [0.0015775513616316957, 0.014416670187823433, 0.06090300822520849, 0.21106947685711383, 0.2062395314636427, 0.028388563992309, -0.016033186137007483, -0.012586561425503517, -0.006622682653889657, 0.046497208168577074, 0.007664306361606601, -0.026784248439015147, -0.01946575841024457, -0.007196341968127591, 0.006007841037639994, 0.020372467594823897, 0.010645599323868434, -0.016906635143078125, -0.0243243048959266, -0.009017348329546064, 0.010706017258649272, 0.02776785303258477, 0.028230839507398818, 0.0003309092976865618, -0.028152162584682738, -0.028125494738767583, -0.010771199637803998, 0.008851213445605997, 0.02402716478431306, 0.017348104132167388, -0.01007960696590612, -0.02072752166704267, -0.006292295770140624, 0.007434322630491945, 0.01896188781542191, 0.026338482842027427, -0.005930541562373343, -0.045443024602399164, 0.0020578004989096565, 0.012351646222073714, 0.014006676377485379, -0.029077997001279866, -0.203615243226147, -0.2142864507658243, -0.05583942896051355, -0.010642494616322442], "c2": [-0.0007432478230266199, 0.010995043864648701, 0.05716133898398515, 0.09348496016733868, -0.11761289710444563, -0.04430785172074065, -0.002268918892874489, 0.005152186010084204, 0.052451459229295054, -0.007661492925783235, -0.02911312763421666, -0.0015976258374380803, 0.007170999359884682, 0.004950602363942908, 0.010272404538983171, 0.002753468373208977, -0.014938502763115789, -0.01107087864837737, 0.004796277325980399, 0.009988116108481597, 0.0104627631982727, 0.0071618698925660735, -0.00904469517175971, -0.019741521421008525, -0.0067576260612929335, 0.007088394436329404, 0.00993565188005867, 0.010801942006177274, 0.0039048013869626107, -0.01328947825148165, -0.013122355087820196, 0.004579566392683177, 0.008624817143721673, 0.004937184875619133, 0.009521843611791155, -0.005147529161776648, -0.03329970946032871, 1.2338137366265673e-05, 0.005610659940100548, 0.0061193631898343315, 0.001413432269265101, -0.06413512360435969, -0.10094712796423248, 0.1001047369449902, 0.030061973826651742, 0.009912587745946264], "c3": [0.003678438786409824, 0.007225516239759465, 0.014148583547998717, -0.06618706847021752, 0.01874477078998168, 0.015337326126844422, 0.00279891924610443, 0.00014490119144606483, -0.017624857187282617, -0.008532000284252592, 0.008059349398107978, 0.0037026852430023334, -0.0007475093629798385, 0.0012349957497819455, -0.001929663313913034, -0.00532326535364522, 0.0005803367493044098, 0.005024130189645157, 0.0020028712917517085, -1.9314508918526016e-05, -0.0011409715984647191, -0.004680767214901547, -0.0035703018133960607, 0.0036085242555397774, 0.004660951179658553, 0.0011236302643364284, 1.5873468264260102e-05, -0.0020276273767099785, -0.0050263213195456185, -0.0005264350776520103, 0.005331288272814823, 0.001891070499229167, -0.0012308873012795043, 0.0007514330988654074, -0.003759770260942574, -0.008023853680381615, 0.008673989428343251, 0.017567366571915776, -0.0001671810575048999, -0.002908879829463647, -0.015768165828179248, -0.017600291105385253, 0.06601665738048035, -0.015035573796408862, -0.00579814260040929, -0.003583443318954351]}, "phase_motional_global_spline_coeff": {"c0": [0.0, 0.0, 0.0, 0.0, 0.0, 0.0, 0.0, 0.0, 0.0, 0.0, 0.0, 0.0, 0.0, 0.0, 0.0, 0.0, 0.0, 0.0, 0.0, 0.0, 0.0, 0.0, 0.0, 0.0, 0.0, 0.0, 0.0, 0.0, 0.0, 0.0, 0.0, 0.0, 0.0, 0.0, 0.0, 0.0, 0.0, 0.0, 0.0, 0.0, 0.0, 0.0, 0.0, 0.0, 0.0, 0.0], "c1": [0.0, 0.0, 0.0, 0.0, 0.0, 0.0, 0.0, 0.0, 0.0, 0.0, 0.0, 0.0, 0.0, 0.0, 0.0, 0.0, 0.0, 0.0, 0.0, 0.0, 0.0, 0.0, 0.0, 0.0, 0.0, 0.0, 0.0, 0.0, 0.0, 0.0, 0.0, 0.0, 0.0, 0.0, 0.0, 0.0, 0.0, 0.0, 0.0, 0.0, 0.0, 0.0, 0.0, 0.0, 0.0, 0.0], "c2": [0.0, 0.0, 0.0, 0.0, 0.0, 0.0, 0.0, 0.0, 0.0, 0.0, 0.0, 0.0, 0.0, 0.0, 0.0, 0.0, 0.0, 0.0, 0.0, 0.0, 0.0, 0.0, 0.0, 0.0, 0.0, 0.0, 0.0, 0.0, 0.0, 0.0, 0.0, 0.0, 0.0, 0.0, 0.0, 0.0, 0.0, 0.0, 0.0, 0.0, 0.0, 0.0, 0.0, 0.0, 0.0, 0.0], "c3": [0.0, 0.0, 0.0, 0.0, 0.0, 0.0, 0.0, 0.0, 0.0, 0.0, 0.0, 0.0, 0.0, 0.0, 0.0, 0.0, 0.0, 0.0, 0.0, 0.0, 0.0, 0.0, 0.0, 0.0, 0.0, 0.0, 0.0, 0.0, 0.0, 0.0, 0.0, 0.0, 0.0, 0.0, 0.0, 0.0, 0.0, 0.0, 0.0, 0.0, 0.0, 0.0, 0.0, 0.0, 0.0, 0.0]}, "amplitude_norm_MHz_pi_phasespace_area": 1.0722921244670696}, {"number_spline_segments": 46, "edge_time_mu": 10600, "segment_time_mu": [100, 100, 100, 100, 100, 100, 100, 100, 300, 300, 300, 300, 300, 300, 300, 300, 300, 300, 300, 300, 300, 300, 300, 300, 300, 300, 300, 300, 300, 300, 300, 300, 300, 300, 300, 300, 300, 300, 100, 100, 100, 100, 100, 100, 100, 100], "delay_from_prev_edge_mu": 0, "idx_ion_driven": 2, "amplitude_ind_spline_coeff": {"c0": [0.0004358870805253212, 0.004892061706360443, 0.038824628913564224, 0.17461055071024464, 0.42059289872287176, 0.5328041636889373, 0.532145780650973, 0.5158973584481459, 0.5083081440450171, 0.537746204034604, 0.5696367480018654, 0.5556005860487474, 0.5296740574061326, 0.516017162846569, 0.5149806672256034, 0.5299844379849036, 0.548635019501542, 0.5447659933664728, 0.5207169015990832, 0.5023750259808476, 0.5033763850792917, 0.5243316243315074, 0.556034755145361, 0.5724607592239084, 0.555868066340966, 0.5241349848883557, 0.5032944329173703, 0.5024484154037832, 0.5208740336823242, 0.5448559065885719, 0.5485870966894741, 0.5298649089116718, 0.5149153592793067, 0.5160682972317877, 0.5298404941953369, 0.5557381610293187, 0.5695325945610082, 0.5375285075202466, 0.5083138986551008, 0.5161736464687234, 0.5325208223649955, 0.5319170856835288, 0.416581594714109, 0.17033029581215403, 0.03712436035037086, 0.004836312571338266],