{"gate_name": "squeezing_stage_corner_v1", "chain_length": 3, "idx_ion_convention": "leftmost is 0", "radial_freq_MHz": [3.027, 2.939, 2.8127], "calculated_drive_freq_MHz": 2.8127, "corner": [{"number_spline_segments": [6, 4, 6], "corner_time_mu": 25000, "segment_time_mu": [250, 250, 250, 250, 250, 250, 5500, 5500, 5500, 5500, 250, 250, 250, 250, 250, 250], "idx_ion_driven": 1, "amplitude_ind_spline_coeff": {"c0": [2.8904242205351017e-05, 0.0002937010767547413, 0.023490537126582896, 0.5976974023405953, 0.9442487734595192, 0.9499381865497808, 0.9499998880343153, 0.9500000000000002, 0.9500000000000002, 0.9500000322072302, 0.9500007615235012, 0.9500678858874632, 0.9427642907699776, 0.5556764910384631, 0.013206380848625156, 3.120185197080318e-05], "c1": [0.00027524820324903947, 0.008344644014967139, -0.05385867399896077, 1.0623446944530046, 0.021488591966773645, 0.0002315365199510904, 8.196462339692149e-07, 2.7502904969584425e-16, 2.7502904969584425e-16, -4.920614969762938e-07, -4.031128586923204e-05, -0.003701298971390424, -0.0515849548373897, -1.3096642197514305, -0.049335365297016105, -0.00015624405545400005], "c2": [-0.0009082207159226587, -0.028105394921793748, 0.568815814346425, -1.1467740603636505, -0.028520830099953234, -0.00030794012145891284, -1.6185505854685327e-06, -3.758392100889661e-15, -3.758392100889661e-15, 1.4944838299995662e-06, 0.0001361741041996089, 0.01248766572296946, 0.07099709185357882, 0.9869752342588323, 0.06566703478357919, 0.0002545040997421004], "c3": [0.0007659559422571768, 0.03641055224249769, 0.07071426538385692, 0.4319968196301479, 0.012838114057608116, 0.00013882402951625515, 9.365383561018051e-07, 4.389687792632266e-15, 4.389687792632266e-15, -1.1751181008660334e-06, -0.00017418334942658696, -0.016060177607494803, -0.41784127468954885, -0.21503668176786944, -0.029719846453489105, -0.0001325810382519969]}}]}