{"gate_name": "Milburn_single_ion_rectangular_loop_v1", "chain_length": 3, "idx_ion_convention": "leftmost is 0", "radial_freq_MHz": [3.0450000000000004, 2.959251058242181, 2.834848387779814, 3.25713, 3.17944, 3.06739], "calculated_drive_freq_MHz": 2.834848387779814, "edges": [{"number_spline_segments": 46, "edge_time_mu": 10600, "segment_time_mu": [100, 100, 100, 100, 100, 100, 100, 100, 300, 300, 300, 300, 300, 300, 300, 300, 300, 300, 300, 300, 300, 300, 300, 300, 300, 300, 300, 300, 300, 300, 300, 300, 300, 300, 300, 300, 300, 300, 100, 100, 100, 100, 100, 100, 100, 100], "delay_from_prev_edge_mu": 0, "idx_ion_driven": 0, "amplitude_ind_spline_coeff": {"c0": [0.00026373731957247265, 0.0030750504519261087, 0.026820289967008464, 0.1354764346268307, 0.3639862571047898, 0.5120477748154902, 0.5528146138287944, 0.5518957159151311, 0.5336215439249323, 0.46967752378100913, 0.49913647814326, 0.5548441654755142, 0.5506179552391649, 0.5308053283632242, 0.5020082681228846, 0.45862094307217444, 0.4990670040172257, 0.5973425941149109, 0.5783340026974839, 0.4645346421705521, 0.4682417466434501, 0.5546427641951126, 0.5380298576224508, 0.48966511013671343, 0.5381548014027845, 0.5544016484131743, 0.4681090768835168, 0.4647530002620352, 0.5787840378939212, 0.5971351225676212, 0.49862510622069856, 0.458495068978798, 0.5023043739575078, 0.5310642997226794, 0.5506482329819377, 0.5545992573048569, 0.4989301551091836, 0.4697916918449073, 0.5340093504181078, 0.5521369400039093, 0.5525671385632016, 0.5102340823628105, 0.3598051788051511, 0.13177082962968803, 0.025599694605955972, 0.0030477254618185624], "c1": [0.0010315357037743269, 0.009816245654055167, 0.046499024688460094, 0.18251264747921925, 0.22421329894499217, 0.07910510692667687, 0.01301977370728153, -0.011818402859471083, -0.0714002896042096, -0.029865134567316532, 0.07032492566974155, 0.026925896047661355, -0.023841538444991473, -0.015984960955913806, -0.04377254447559741, -0.023442308755401445, 0.09630307585635736, 0.06822005802776698, -0.09711935392955949, -0.0917038800856798, 0.08540400322690293, 0.053945989184969914, -0.06885540053924907, -0.0031262104135065596, 0.07028241249810267, -0.0475519206563418, -0.08950025413655456, 0.0854178695898379, 0.10206082947407723, -0.06372095549694695, -0.10031493285218168, 0.02069785397061816, 0.04687235412244644, 0.015420117813045017, 0.02246212109622194, -0.023725836839602117, -0.07057447024998913, 0.02477430973879766, 0.023146290206756168, 0.011205052949974816, -0.014954704562030073, -0.07914276472897219, -0.22250272433968699, -0.1853564861780548, -0.0422042156072488, -0.007041198423961668], "c2": [-0.0006287362227159112, 0.006799841569043637, 0.0440541417606064, 0.10142066361105773, -0.0819456082283891, -0.05001976172563708, -0.017219205680796927, -0.008126565255791, -0.025288696395129664, 0.07814492447326993, 0.0030515578442161908, -0.04438736846344256, 0.00414626539237111, -0.007343746072715056, -0.023375926209123852, 0.06801283588774068, 0.04011082061331146, -0.09123280891246703, -0.06381125299831356, 0.10568304379916929, 0.04204106901120449, -0.08816143785906626, -0.011439094568348879, 0.0841381722262239, -0.037244014146545046, -0.08033084045802089, 0.07729459091118966, 0.07555966568742918, -0.08058355552807077, -0.07292318316478666, 0.05691923792267685, 0.04650625264915484, -0.023866924182908075, 0.0044723574441029885, -0.005397061911966147, -0.0501556557802062, 0.023219261698993438, 0.07237712911445073, -0.0034242554032216563, -0.007432928261620496, -0.015222430622836222, -0.0670002470891216, -0.06014292644521079, 0.09811760998456259, 0.025372242909050442, 0.006702496994155636], "c3": [0.0025328454897081422, 0.006853020242540595, 0.018092886232890473, -0.055205802970562205, 0.005610601874187862, 0.011708210614814864, 0.003289966121145834, 0.0015947541744941076, 0.03268355539829322, -0.018576099624877475, -0.01774095139848612, 0.013120507902088265, 2.6972376592009884e-05, -0.005475413216977072, 0.023506885405064248, -0.003924229536697065, -0.03792234744543287, 0.0038035583580961346, 0.046784844489785274, -0.009851142302962296, -0.04095462483497242, 0.017285878920858155, 0.03193236975830745, -0.03220694080187375, -0.01688386310571082, 0.04116946620337171, 0.009198756364979072, -0.04674754103136154, -0.0033437093409868796, 0.03793527245289112, 0.0035213387039391983, -0.02339018147964218, 0.005610978081394588, -0.0001922807691766065, -0.013043836899522326, 0.017966370105763345, 0.018281786480785264, -0.03285941491903121, -0.0016041972569546782, -0.0033684546151792993, -0.011963818790602307, -0.0045322701214558945, 0.054649817896612274, -0.018659321057575014, -0.005819565987803619, -0.002463841833321799]}, "phase_motional_global_spline_coeff": {"c0": [-0.00047894647518473266, -0.0838171838176261, -0.13942217091404285, -0.15589163186012955, -0.1382239478894651, -0.09793802929916616, -0.047367128378637914, 0.0019970719827095483, 0.03936296901246069, 0.02013849512145301, -0.07912192179098916, -0.04576166339279664, 0.01950514931190242, 0.047765919809965966, 0.06758195659516354, 0.0012498901502628129, -0.12559635164381105, -0.06129230231203405, 0.10379437001040721, 0.10553594030746993, -0.08041391013961076, -0.058525067446021664, 0.04644638636858682, 9.028979637483376e-05, -0.04649674880477225, 0.059045580648545024, 0.07958173044979608, -0.10605030216730235, -0.10326277391098562, 0.06218663045499901, 0.12526802474152676, -0.0017951228072984743, -0.06793600225247269, -0.047508589264883744, -0.01909624844445854, 0.04609965613924357, 0.07860063998752552, -0.020176332401278523, -0.03916852337997845, -0.0010894854713481776, 0.04840593133348235, 0.09888714322324732, 0.138841766526078, 0.1559274495659905, 0.1386855455724529, 0.08235116837769532], "c1": [-0.08588706340631033, -0.073500604638584, -0.03634462595968911, 0.0022309618983039144, 0.031075120428283698, 0.04744076907171464, 0.05181044581952141, 0.045213808999746447, 0.09428969034321573, -0.11972396500062289, -0.03642284932539163, 0.07668175157698853, 0.043700480279322884, 0.021335065292050266, 0.0040884691721114075, -0.1391040062392229, -0.055958576903687045, 0.1544404813520882, 0.13504737929369148, -0.15011351513108778, -0.11872840429715316, 0.11734072535425155, 0.0573699091392219, -0.11837892630213998, 0.04713290448350383, 0.11864214395899397, -0.10616630897589475, -0.15788064399670237, 0.13120021746638869, 0.15756108008631886, -0.04810972601247679, -0.14421925015888568, 0.0022484754094982727, 0.024555324994501974, 0.04128866516334979, 0.07485914594321097, -0.027901566452222984, -0.12198110415171697, 0.029224291547694316, 0.04540926523830305, 0.05181004263161342, 0.04721301597947399, 0.030632860282143414, 0.00168156505821574, -0.03677487209059429, -0.07367442291138387], "c2": [-0.006569939536681891, 0.01616739168542132, 0.02091914449879807, 0.01745756174725372, 0.011288544176379275, 0.005045169747143469, -0.0007021080906053549, -0.005980140923079787, -0.12572107197918556, -0.030783204607842746, 0.09842414935560792, 0.001137323131413488, -0.02755747217770417, 0.016201293016152526, -0.06329318066615354, -0.056036582861602124, 0.1469948426972188, 0.05730700365326173, -0.1064199221968802, -0.15352107855301722, 0.1847590441384095, 0.03553456542200912, -0.13820873790400443, 0.03948292926991149, 0.10635036117270687, -0.05457914143446237, -0.19810118888800013, 0.18907409109476522, 0.08064939490120587, -0.0682789752789568, -0.1478637951299244, 0.08646178835178264, 0.035219459708781806, -0.008301110204764425, 0.03696672682989639, -0.013708868369361133, -0.12377869266261597, 0.09267369342631152, 0.01034321103733088, 0.005833465363564735, 0.0005897678760021648, -0.00517703675953929, -0.011530839892914063, -0.017914598531276412, -0.021369817114554674, -0.015596224508605405],