{"gate_name": "Milburn_single_ion_rectangular_loop_v1", "chain_length": 3, "idx_ion_convention": "leftmost is 0", "radial_freq_MHz": [3.0450000000000004, 2.959251058242181, 2.834848387779814, 3.25713, 3.17944, 3.06739], "calculated_drive_freq_MHz": 2.834848387779814, "edges": [{"number_spline_segments": 46, "edge_time_mu": 10600, "segment_time_mu": [100, 100, 100, 100, 100, 100, 100, 100, 300, 300, 300, 300, 300, 300, 300, 300, 300, 300, 300, 300, 300, 300, 300, 300, 300, 300, 300, 300, 300, 300, 300, 300, 300, 300, 300, 300, 300, 300, 100, 100, 100, 100, 100, 100, 100, 100], "delay_from_prev_edge_mu": 0, "idx_ion_driven": 0, "amplitude_ind_spline_coeff": {"c0": [0.0007172149604051863, 0.0079128596401574, 0.05979444112346354, 0.25040346206347097, 0.5560073656236942, 0.6138992701729767, 0.5269257454199885, 0.459930800531363, 0.43578371579651265, 0.5201660214946546, 0.5641739378686195, 0.5051307975720806, 0.5036321910501105, 0.5219000270674845, 0.4924635855090612, 0.4934344589247351, 0.5311050473548173, 0.5183322507602284, 0.4839380115061584, 0.4912950620520468, 0.4999514420869724, 0.49486303394568393, 0.5238760356446537, 0.5524058992877352, 0.5237233789229566, 0.4947461249962475, 0.4998951853668893, 0.49129845773347697, 0.48405365802632633, 0.518421654152765, 0.5310562360641272, 0.4933430073885707, 0.4925066367126789, 0.5218907917275122, 0.5036805368024174, 0.5053908135195987, 0.5639576612344501, 0.5197729502819167, 0.4358436670804797, 0.4608627414565195, 0.5287766432703679, 0.6146980945441606, 0.5519051236491871, 0.24465181695613494, 0.05724137020029376, 0.007812408014321852], "c1": [0.0026038145752260715, 0.023311045751622274, 0.09241768568966109, 0.2923465294374889, 0.22949773220671157, -0.06587652196464126, -0.08709809287581077, -0.0454550805713701, -0.014347090643988708, 0.1225215741804002, -0.038253690104276296, -0.047592380573611245, 0.032465537999187166, -0.008565581031278913, -0.03230092028186288, 0.033113206077558466, 0.024613390638159593, -0.04150595800794305, -0.01598439672716924, 0.020948787377163724, -0.005602309896763281, 0.0054941081717378585, 0.04478090824980281, 0.0013668760550463075, -0.04543761784894675, -0.007573781724408047, 0.007322159200079587, -0.020151200434882815, 0.013324015449111352, 0.04230191856836473, -0.021722745799544942, -0.03548212504342128, 0.030458384753063894, 0.012308584988792098, -0.032917915597124814, 0.04208959026789095, 0.04358394850816523, -0.1150261735625894, 0.005068419596612629, 0.0457854093873553, 0.08415392690694373, 0.06468415990924772, -0.22518847999634423, -0.29828802300669416, -0.08508181157776039, -0.017471541120845976], "c2": [-0.0010540492162797936, 0.018699586702882635, 0.08507618817434431, 0.11546296664121349, -0.21986002313512804, -0.04519266869694775, 0.018173664352971592, 0.022711822638400245, 0.1684656848643417, -0.06997995961625605, -0.059244200079329214, 0.05839875111891597, 0.0024346591409981112, -0.04149490102483861, 0.03209441517838672, 0.025832788594426434, -0.04563315229246234, -0.007178025096492695, 0.03432065165960592, -0.008731913162300335, -0.012159428939311972, 0.03101582058831184, -0.002098660865186678, -0.044466116789659935, 0.00934079088106417, 0.02544445481595661, -0.01987368571934375, 0.0021486213061142497, 0.035669646791467856, -0.021930159655595402, -0.03732394071801022, 0.036354595644694246, 0.019381324598155236, -0.0477125619777132, 0.022900231225280995, 0.05555384670194277, -0.0978664988993311, -0.03819390007704796, 0.01852392256441436, 0.02410959824754191, 0.02734019915301338, -0.08207992896251291, -0.18373264867248754, 0.1261911258814677, 0.04244031487765042, 0.016099282261948882], "c3": [0.005918833469178057, 0.00923117271781243, 0.013260730786553238, -0.1018747745899401, 0.04785966344088585, 0.024206541125086464, 0.0019455178575950973, -0.0014387120684092945, -0.06936403238397146, -0.008992298228110724, 0.03842017119970901, -0.012055963205639085, -0.016707817513076526, 0.020469461814265084, 0.0013064305688785494, -0.021177782269725297, 0.008069190090615352, 0.014307274785580165, -0.010848117140741676, -0.003653906339461339, 0.012605648644082184, -0.007357823622864993, -0.014153524418618509, 0.014278461069182295, 0.007188564300444442, -0.012629508022035621, 0.0038231364159276356, 0.010741872364291645, -0.014447832963854036, -0.007837088249024323, 0.021205920966935993, -0.0015525903172148952, -0.020383164348220035, 0.016944880989063306, 0.011765936621960594, -0.0386200863541521, 0.009723356509760646, 0.06932823807265702, 0.0014099918939715448, -0.002094915069134394, -0.025146070993236975, -0.04579169797068426, 0.10156885376581902, -0.014670154666314465, -0.007001901372396055, -0.005770431133018207]}, "phase_motional_global_spline_coeff": {"c0": [1.07309073613947e-05, 0.001497659235999023, 0.0023457763880782912, 0.0017115010835310914, -0.001573030202615954, -0.008896670039939223, -0.02095887191628263, -0.03585466682626868, -0.04839365504105714, -0.04602164878505686, -0.015413006314373636, 0.01629316798630991, 0.028181411377858057, 0.01726336075358194, -0.0025531896019919506, -0.013189891323340143, -0.0006428480404738103, 0.02053018601196242, 0.027026484653195865, 0.005874000551656636, -0.02633699574160992, -0.04737861153090162, -0.03589067894825224, 0.00013940366106152626, 0.03604265559435852, 0.047358181785084545, 0.02613213176161436, -0.006068883131389085, -0.027070324941912357, -0.020432131112048488, 0.0007765033491431043, 0.013182523721466059, 0.002458981189131625, -0.017402180148466603, -0.02815325901968161, -0.016169524002061945, 0.01567129696550835, 0.04612546361011612, 0.048276464096790817, 0.035564095079804875, 0.020680959660516425, 0.008705943369157488, 0.0014757519532789967, -0.001741586079927372, -0.0023358895248131537, -0.001467613655923372], "c1": [0.0015317778774930333, 0.0012860652019239928, 0.00026606348627922325, -0.0017357074456415946, -0.005064290118017399, -0.009676787500003423, -0.014075837437410074, -0.014795647090367563, -0.030773999644100134, 0.025017018253304525, 0.03335290642967691, 0.026280688262791625, -0.0021938430149785926, -0.01705573159765224, -0.019872744721119318, 0.0012569772410459261, 0.020394821342870025, 0.018342267493481768, -0.007743050885674428, -0.03056644371723414, -0.03057746534872799, -0.007586427969344573, 0.028126708182043405, 0.039656100940873094, 0.028362328989193848, -0.007054207894299316, -0.030705731330782884, -0.030570582389397017, -0.00829974592541031, 0.018208364515950797, 0.02051313280993486, 0.0018420191968245116, -0.019846444091995163, -0.01708049856466913, -0.0024930660407802537, 0.025953603816975444, 0.03336410559576861, 0.024753432666838885, -0.00971768868134136, -0.01482938481492594, -0.014092600101563713, -0.00963831704780819, -0.004996587887831668, -0.0016772531346801835, 0.00030279882417587133, 0.0013027644453342429], "c2": [0.00013126792294642026, -0.0003020321889208181, -0.0007051495547817345, -0.0013018398446354117, -0.0021000618419616058, -0.002676449626051115, -0.001760545026654606, 0.0013172242433918647, 0.043974141428270594, 0.008300296391981815, 0.0027573707773285772, -0.01437217878367707, -0.011156495250189162, -0.005656685475642044, 0.00586059934203087, 0.014564026505667349, 0.004684261138516713, -0.0087074976820444, -0.017363864791183983, -0.004859878312441117, 0.004755371009937193, 0.02121269071847784, 0.012138988194348428, 0.0005440386855567606, -0.015025873402610905, -0.018930452220248813, -0.00472054472217284, 0.005634738872758187, 0.018145489553136645, 0.006877786003802309, -0.004832894466816784, -0.016038375034462905, -0.002824808772946183, 0.0038155486264533057, 0.014652396684462568, 0.01018034758055653, -6.966857250188586e-05, -0.012016137521054121, -0.003873136666643754, -0.0009824741086274958, 0.0018412374341069547, 0.00257151381322212, 0.002025298212515409, 0.0012765961837951307, 0.0007004128721650022, 0.00030298301213474936],