{"N_qubits":13,"sign_XY":-1,"ramp_time_ms":0.41015625,"ramp_time_mu":168000,"N_segments":50,"t_seg_mu":3360,"amp_ind_relative_scale":[1.0050396107601096,0.976527068812397,0.96817571774683908,0.98705450143985929,0.98804630041031583,1.0158119896724163,1,1.0123334582007535,0.988903021555061,0.98263458106174761,0.9691513229909321,0.977078783399327,0.98670970264698576],"target_Omega_Rabi_MHz_mid_ion":0.86093601302968814,"delta_COM_MHz":0.27573962127907836,"splines_ind_LS":{"c0":[0.013721352746911414,0.55694252946219058,0.70822961096900883,0.78062989749178846,0.82341252913297691,0.851842924932397,0.87230429125478293,0.8882240714535482,0.90040157201190218,0.91043077139167217,0.91895457415649573,0.925865873395796,0.93215807065817613,0.93765722657532025,0.94258554718665177,0.94701532027735458,0.951231298552131,0.95475951032561235,0.95829567550417272,0.9616292554762641,0.964458041941687,0.96728588483945932,0.97011832622221261,0.97306472407281142,0.97610678514600913,0.97914086287246471,0.98229131494811639,0.98600423373678536,0.98972607230814036,0.99286332751877471,0.994935886572358,0.99700796304878336,0.99907955873397913,1.0011587390556487,1.002997822698052,1.0043334551058836,1.0056688899988888,1.0070041278439272,1.0083391691060217,1.00967401424837,1.0110086637323508,1.0123417296152326,1.01363330454968,1.0148749794386329,1.0161164863776764,1.0173578257317983,1.0185989978646686,1.0198400031386421,1.0210808419147668,1.0223215145527922],"c1":[1.1785221237564827,0.21948045774330546,0.092528025339085329,0.050857650860948858,0.032126874524344755,0.022731515422081624,0.018301868961867734,0.011484818993392747,0.0094279633040656972,0.0080693226598498782,0.006859976616820882,0.0066638502990276488,0.0052519976041463879,0.0057776986443711653,0.0041978264024571336,0.0039429744347796742,0.0033525125524595917,0.0033510913833002661,0.0031392308893090134,0.0026877969052532579,0.0026868981644123406,0.0026860041198880544,0.0025734118858518106,0.002890468614508911,0.0028894483710368685,0.0030239516056110131,0.0035280221315822403,0.0035265252436843682,0.0031978608899937656,0.0019691608931212312,0.0019687015930052345,0.0019682439947697494,0.001967788087928005,0.0017676693827866237,0.001268944755238882,0.0012687568938102732,0.0012685694767765228,0.0012683825023850151,0.0012681959688971857,0.0012680098745752714,0.0012678242177155466,0.0012875894779594181,0.0011796710365905021,0.0011795113103874066,0.0011793519315508587,0.0011791928988281314,0.0011790342109657197,0.0011788758667167672,0.0011787178648492765,0.0011785602041241882],"c2":[-1.0859519609733734,-0.098557629173475728,-0.028771457088498913,-0.011680250832241867,-0.0053766747212914811,-0.0033992045328856014,-0.0057711606856101121,0.001537056413631697,0.0014537350908715063,-4.2012769216062489E-6,-0.00062763652775210948,0.00011802175304184751,-1.715513157001406E-6,-0.0014126508265466181,-1.0771183207867966E-6,0.00088013336226256181,-6.772893163694536E-7,-6.7282027332136176E-7,0.00078083194969971064,-4.2802192128912752E-7,-4.2578143303613538E-7,-4.235604140185553E-7,0.00031300108750878042,-4.859654958354869E-7,-4.8326523263944251E-7,-0.00045100334852305265,-7.13413589302632E-7,-7.0862870281193933E-7,0.0015238746292176111,-2.1857293840322328E-7,-2.1776204732924372E-7,-2.1695615641823616E-7,-2.161552145338255E-7,0.0008044604831379357,-8.9339914868066387E-8,-8.9128408108516991E-8,-8.8917741433698818E-8,-8.870790090088722E-8,-8.8498890127502641E-8,-8.8290681077982234E-8,-8.8083312155688324E-8,-2.7244807972461406E-5,-7.5952582297154336E-8,-7.5787284816461728E-8,-7.5622581164608668E-8,-7.5458476675124123E-8,-7.5294966052006125E-8,-7.5132041922909435E-8,-7.4969709825821435E-8,-7.4807956612017478E-8],"c3":[0.44331801226454931,0.025492494900861373,0.0059578283887552087,0.0018323337600108557,0.00050260567865203544,0.00034006663570319335,0.0026183688886251642,-0.0013355083742206037,-0.0012356952437759334,2.1983862250241606E-8,0.00035519976262769428,-0.00080105946418485474,5.7231656765629169E-9,0.00032419988639574928,2.8428811326157389E-9,-0.00077004118992534125,1.4156008963540282E-9,1.4001010100049696E-9,-0.00072601092573850259,7.096489075860069E-10,7.0347859919927325E-10,6.9737844237962647E-10,-8.91237058075812E-5,8.5528821950226793E-10,8.4739732135062779E-10,0.0003750863938081443,1.515653837415718E-9,1.49878295122852E-9,-0.0017144580427549082,2.5682112500308838E-10,2.5523853268343089E-10,2.536689198074166E-10,2.5210661050699106E-10,-0.00080556605689739041,6.6981090361303218E-11,6.6715032225515315E-11,6.6454040213887031E-11,6.6192518211057885E-11,6.5937491357161841E-11,6.5671340152582759E-11,6.5423381950349123E-11,-3.3186574362604905E-5,5.2346716827322277E-11,5.2158617648748817E-11,5.1968161083069052E-11,5.1780386995773965E-11,5.1594465363533696E-11,5.1408622519973106E-11,5.1225593179619849E-11,5.10410587040807E-11]},"splines_glob_amp":{"c0":[0.05198621400152794,0.69089189278821517,0.80132351319017514,0.85019000819342549,0.87805280667869645,0.89618673222073086,0.90905913232026092,0.91897397577688567,0.92650088011847109,0.932663311911455,0.93787508954429588,0.942083880314362,0.94590252855985613,0.94922976755520894,0.95220361880458948,0.95487025702230366,0.95740265345953768,0.95951776779938414,0.96163386673268592,0.96362531343586022,0.96531258652432483,0.966996915563956,0.9686816050761855,0.9704315647504369,0.97223566271260353,0.97403233482413365,0.97589507005620257,0.9780866827250172,0.98027955588149818,0.982124938599056,0.98334249840939958,0.98455855251878288,0.98577310649952388,0.98699088143320424,0.9880670248381217,0.9888479725463708,0.98962830398371215,0.99040802060680511,0.99118712386657848,0.99196561520826454,0.99274349607142809,0.99351995957304984,0.9942717853473374,0.99499412866429837,0.99571594795657992,0.996437244362993,0.9971580190182292,0.99787827305288246,0.99859800759346984,0.9993172237624508],"c1":[1.9874732779464528,0.16871406393670052,0.063850625457388371,0.03353774165091556,0.020658107053800018,0.01438296446818114,0.011444097847589652,0.0071240022867643865,0.0058098369578574042,0.0049449692205756745,0.0041849827947699507,0.0040509651597725859,0.0031821822681220766,0.0034904688518216614,0.0025298805056763974,0.0023712676696060883,0.0020115781787195075,0.0020071439535739866,0.0018771301718288802,0.0016043127510546964,0.0016015085674620578,0.0015987190369760303,0.0015295822052870027,0.0017154861840970757,0.0017123028971324319,0.001789211033869685,0.0020843698898187703,0.0020796994127583283,0.0018828556077763257,0.0011573988002328642,0.0011559657265451211,0.0011545379629376792,0.0011531154767005789,0.001034929954137082,0.00074219351410347663,0.00074160736300648439,0.00074102259846819973,0.00074043921502779349,0.00073985720726113069,0.000739276569764886,0.00073869729717530158,0.00074973633279257614,0.000686475424401147,0.00068597705871020146,0.00068547977685497761,0.0006849835749090325,0.000684488448969851,0.00068399439515741422,0.00068350140960325473,0.00068300948846426225],