{"N_qubits":13,"sign_XY":1,"ramp_time_ms":0.61767578125,"ramp_time_mu":253000,"N_segments":50,"t_seg_mu":5060,"amp_ind_relative_scale":[1.0050396107601096,0.976527068812397,0.96817571774683908,0.98705450143985929,0.98804630041031583,1.0158119896724163,1,1.0123334582007535,0.988903021555061,0.98263458106174761,0.9691513229909321,0.977078783399327,0.98670970264698576],"target_Omega_Rabi_MHz_mid_ion":0.86093601302968814,"delta_COM_MHz":0.27573962127907836,"splines_ind_LS":{"c0":[0.022011830042533664,0.54697421490185649,0.69908015638293042,0.77625449867629415,0.823259641101431,0.85523306844793345,0.87848450424511282,0.89627929858775657,0.91052142479317755,0.92190759151641866,0.931467232011481,0.93958610743012994,0.94655095056935246,0.95266351405808836,0.95773359322739327,0.96260116044114963,0.96678887050864049,0.97097858261574876,0.97446815696294464,0.97794021629267736,0.98106542688391307,0.98376458115714027,0.98647211562779635,0.98901197526996532,0.99104821097088958,0.99308397800904347,0.99511927809573253,0.99716662205910733,0.99869551677365309,1.000197582198213,1.0016993962094307,1.0032009594784117,1.0047043703907221,1.0061610497043254,1.0072633648238696,1.0083655460136958,1.0094675935343465,1.0105695076455197,1.0116712886060741,1.0127729366740326,1.0138762377352486,1.0149494584027354,1.0159052195917342,1.016860881425778,1.0178164440709567,1.0187719076928989,1.0197272724567725,1.0206825385272869,1.0216377060686948,1.022592775244793],"c1":[1.2155127242095911,0.21393531444416053,0.096529372720836726,0.055713886823095762,0.036032415286566026,0.02515377158978737,0.019208311314401691,0.015815264734527476,0.011152096672868754,0.010299592639676874,0.0087734327573356276,0.0066673892352246064,0.005787125884572487,0.0055491915951305466,0.0046436591994548568,0.0039793080277708108,0.0039773436358095183,0.0033487245449541742,0.0033094682713986326,0.0034578216162881145,0.0025645935047955361,0.0025638002617589,0.0023688533285548012,0.0019346470750004289,0.0019342010291874847,0.0019337566140775486,0.0019333138197600561,0.00161220301472542,0.0014270817878736313,0.001426842625474362,0.001426604102051055,0.0014263662147552872,0.0013861823696716406,0.0010472630628845622,0.0010471357056265908,0.0010470085962865636,0.0010468817340581408,0.0010467551181463195,0.0010466287477516314,0.0010465026220808857,0.0010104416255564094,0.00090802037585390556,0.00090792590961108683,0.00090783160136692252,0.00090773745069310224,0.000907643457145874,0.00090754962028923849,0.000907455939690747,0.00090736241491465124,0.000907269045534017],"c2":[-1.2434550555914929,-0.089145209317143856,-0.02766033299255927,-0.012887699564873289,-0.0063028957364363331,-0.0027839863334708794,-0.002257723829183204,-0.0038960160030410296,0.0014061967195990758,-0.00094706680399078854,-0.0008190345317298476,0.0013758319968558072,-2.0337297842263172E-6,-0.0015711323842994358,0.0001348422719803831,-9.36703230745133E-7,-9.2946707801038024E-7,-7.4409842972971238E-5,-6.3563668190202388E-7,-0.00016752413948990715,-3.7771369623648024E-7,-3.7586686126644278E-7,0.000687425319429293,-2.1226018919660264E-7,-2.1148324071740637E-7,-2.1071101896517829E-7,-2.0994348767407132E-7,-0.00035200729064752188,-1.1375422705822935E-7,-1.1345003496467824E-7,-1.1314720758954808E-7,-1.128457173567761E-7,0.00012934132749950716,-6.0553677423796928E-8,-6.0435724843659179E-8,-6.0318155284067578E-8,-6.0200963699281849E-8,-6.0084158427035513E-8,-5.99677256725605E-8,-5.9851665499013051E-8,0.0001222035231755937,-4.4909044138930221E-8,-4.4833896322130114E-8,-4.4758941193714385E-8,-4.4684207740237334E-8,-4.46096748748445E-8,-4.4535346442165068E-8,-4.4461227752728646E-8,-4.4387314658426807E-8,-4.4313612915088025E-8],"c3":[0.54818985407340037,0.022216592441967949,0.0053501556562907384,0.002296286201787066,0.00082529832535402879,-0.00014152637505825539,8.81261310435548E-5,0.0017655101491141142,-0.0016906996162283313,-0.00024238053381078211,-0.00025152640768071304,-0.0013939121762066894,7.348477862454583E-9,0.00085769928880778733,-0.00010974257419759473,2.2922291765085216E-9,2.2628610775186187E-9,4.1930467188195939E-5,1.2780858838781115E-9,-0.00031999002563484313,5.8495938820090294E-10,5.8020592485038614E-10,-0.000610287753283208,2.4607733712778689E-10,2.4457987406680121E-10,2.4309375051879082E-10,2.4162112735597824E-10,0.00019738261864249239,9.6343411198479712E-11,9.59124360383092E-11,9.5490958859581492E-11,9.5066924139196437E-11,-0.000105072696106247,3.7360100988613731E-11,3.7238797072135251E-11,3.7117264519365614E-11,3.699574474785679E-11,3.6879899079316545E-11,3.6759802943802073E-11,3.66395770638862E-11,-0.00010419167092626846,2.38020619316557E-11,2.3741327006423378E-11,2.3670638046671046E-11,2.3610265265201091E-11,2.3543879007602824E-11,2.3475752669313131E-11,2.3410240531164976E-11,2.3346456098043235E-11,2.3286164957195023E-11]},"splines_glob_amp":{"c0":[0.065962376145909357,0.68313930063897,0.79498161254879562,0.84730010074314777,0.87795458550809757,0.89832972156566,0.91291826320723291,0.9239585512014411,0.93271881132415324,0.93967528298854386,0.94548389861829418,0.95039454244256183,0.954591011452909,0.9582617057472268,0.96129776442059678,0.96420529035072311,0.96670105427102015,0.96919280455067491,0.97126420953879111,0.97332167525853175,0.97517059238207626,0.97676516731533181,0.97836256857997683,0.97985913713115469,0.98105761056842666,0.98225462171936384,0.983450175923453,0.98465161565321957,0.98554803867113994,0.98642808678125682,0.98730735045037066,0.98818583177241048,0.98906475793064441,0.98991576038612661,0.99055934507394816,0.99120251188433472,0.99184526163021036,0.99248759512186668,0.99312951316697429,0.99377101657059674,0.99441314459662311,0.99503744317559251,0.99559314629536888,0.996148539415284,0.99670362305356131,0.99725839772698166,0.99781286395089064,0.99836702223920148,0.99892087310440258,0.99947441705756213],"c1":[2.0047678844478733,0.16594110876006116,0.067029246232983092,0.036833107151385533,0.023169595556733456,0.015884307738327115,0.011975545381873067,0.0097630731450824727,0.0068352744219981566,0.0062734296791043193,0.0053174498105778,0.0040252036284114086,0.0034806535206418103,0.0033269961441586117,0.002777229864373214,0.0023740442536193907,0.0023679151055418105,0.0019895114273338096,0.0019627977087562,0.0020472685165011666,0.0015160847052422429,0.0015136096879709384,0.0013968138805967258,0.0011392460497124089,0.0011378543311112077,0.0011364677005074183,0.0011350861269719017,0.000945606126854114,0.00083641897930362876,0.000835672762776119,0.00083492853991471447,0.00083418630186467789,0.00081011662248587377,0.00061160420324467681,0.000611206832705928,0.00061081023569853191,0.00061041440971750481,0.00061001935226566591,0.00060962506086600172,0.00060923153303502151,0.00058794007153634847,0.00052806537815788812,0.00052777063167689536,0.000527476378193094,0.0005271826163348271,0.00052688934473922382,0.00052659656203717109,0.00052630426687675,0.00052601245790327733,0.00052572113377400342],