{"N_qubits":13,"sign_XY":1,"ramp_time_ms":0.6494140625,"ramp_time_mu":266000,"N_segments":50,"t_seg_mu":5320,"amp_ind_relative_scale":[0.8560763761024569,0.91691065367260882,0.94544560956833246,0.97040074701391621,1.001292076031719,1.0000054350333849,1,1.0158120663649295,0.98573791216757867,0.981572520957598,0.89963003736682268,0.96666848224955826,0.81967674801177137],"target_Omega_Rabi_MHz_mid_ion":0.20873139819171302,"delta_COM_MHz":0.031575742844449584,"splines_ind_LS":{"c0":[0.018960993996254914,0.44177446193978265,0.623521182504231,0.71360692671161985,0.76805708600375355,0.8056841772278317,0.83340034653647177,0.85388923664875194,0.870657784845786,0.885523344812722,0.89613573667797863,0.90646119406905989,0.91546422895918944,0.92225709152980961,0.92904412292172422,0.93581024149945358,0.94149734669981489,0.94564649765087327,0.949793555664233,0.95393853706016474,0.95808145794793187,0.96222233422959147,0.96638136402024033,0.96900713534423955,0.97132846336182566,0.97364916293544757,0.97596923673697045,0.97828868741938035,0.98060751761697085,0.98292572994552541,0.98524332700250083,0.98756031136720579,0.98987668560097741,0.99219245224735642,0.99450817633163968,0.99643069389942829,0.99824387767168676,1.0000566939902493,1.0018691440410528,1.003681229003667,1.0054929500513448,1.0073043083510684,1.0091153050635966,1.0109259413435108,1.0127362183392599,1.0145461371932079,1.0163556990416782,1.0181649050149972,1.0199737562375397,1.0217822538277717],"c1":[0.46707687784341212,0.25904640244430921,0.11315264099129471,0.0642437300511696,0.043274423530140625,0.031914362038180336,0.022328904446994032,0.022270848086226491,0.014033694143985309,0.011760692452889535,0.0098066091069668355,0.0093148111231475574,0.0064560137441190685,0.0064504374307849882,0.006444934237409182,0.0064986237921738545,0.003942692765894683,0.00394069665524856,0.0039387161503136878,0.0039367510487970112,0.0039348011520628492,0.0039328662650355882,0.0040315272480638117,0.0022055609780269208,0.0022049626811032519,0.002204366931479356,0.0022037737111294227,0.0022031830022095247,0.0022025947870455889,0.0022020090481417957,0.002201425768174893,0.00220084492998566,0.0022002665165866391,0.002199690511152182,0.0023327241953422445,0.0017226995011588098,0.0017223498548015221,0.0017220013381252597,0.0017216539450505318,0.0017213076695639512,0.0017209625056815927,0.0017206184474672357,0.0017202754890328455,0.0017199336245287357,0.0017195928481558318,0.0017192531541537319,0.0017189145368018909,0.0017185769904254605,0.0017182405093884971,0.0017179050881054967],"c2":[0.17997388966255662,-0.11141671909213946,-0.03253418903058692,-0.01506627387065331,-0.00899253171585848,-0.011969461757273753,-0.0059709207646536947,-0.010794844141263943,-1.3622841713060338E-5,-0.0036752272893155074,-6.3599688194847652E-6,0.0026734819663522284,-2.6662975550487386E-6,-2.6311838188645685E-6,-2.596834075132215E-6,0.00082091632203331883,-9.5188206649339966E-7,-9.4442088908675733E-7,-9.3705668189758862E-7,-9.2978768183944922E-7,-9.226121787399343E-7,-9.1552848492021559E-7,-0.003201322262494307,-2.847980757871121E-7,-2.8358380712516886E-7,-2.823781440997177E-7,-2.8118099652894925E-7,-2.799922902159871E-7,-2.7881193308212494E-7,-2.7763984186824794E-7,-2.7647594500701603E-7,-2.7532015379388272E-7,-2.7417239603948749E-7,-2.7303258935708895E-7,-0.0010224153991744403,-1.6635100628478547E-7,-1.6581296317100873E-7,-1.6527781895806656E-7,-1.6474553349085891E-7,-1.64216109698741E-7,-1.6368951584548255E-7,-1.6316572417177645E-7,-1.6264472562244549E-7,-1.6212648829846855E-7,-1.616109995325766E-7,-1.6109824156557889E-7,-1.6058818958229881E-7,-1.6008081800923495E-7,-1.5957610659283896E-7,-1.5907404961116972E-7],"c3":[-0.21457360814735438,0.028122670460292244,0.0058704153115357411,0.0034780198733038187,0.0014162113392047462,0.006392093691951763,0.0033137124405127135,0.0045433560367432908,1.2871003692361266E-7,0.0020493976659389105,4.1014566599894019E-8,-0.0033948033170542397,1.1125996327497279E-8,1.0883861260125569E-8,1.0649037744845748E-8,-0.0019056981654626338,2.3635198431359139E-9,2.3327979609925895E-9,2.3026356748146285E-9,2.2730149518337979E-9,2.2439258492041038E-9,2.2153485416517051E-9,0.0017048860678189519,3.8459067656738015E-10,3.8186517359195523E-10,3.7916728706393619E-10,3.7649343073856712E-10,3.738502465735276E-10,3.7123191636787282E-10,3.6863543386927017E-10,3.6606812181815716E-10,3.6352290136334326E-10,3.6100483875212582E-10,3.585106253032842E-10,0.000528164103307872,1.7040336411249186E-10,1.6948781926809985E-10,1.6858075676210411E-10,1.6767309324857635E-10,1.6677871183978147E-10,1.6589128391647624E-10,1.650056114698865E-10,1.6413166275983006E-10,1.6325989678934455E-10,1.623956872510846E-10,1.6154105196299735E-10,1.6069420347488813E-10,1.5984867583853598E-10,1.59006293100267E-10,1.5817459056364618E-10]},"splines_glob_amp":{"c0":[0.027784706610638574,0.596974666577247,0.74102416987411157,0.80503113748499533,0.84186461472308272,0.86659315375622159,0.88445713520860247,0.89748121927952162,0.90802854609325145,0.91729806673940217,0.92386984595561206,0.93022808024973769,0.935743781796974,0.93988812326181781,0.94401427072134014,0.94811328830627162,0.95154761679287481,0.95404690515031487,0.95653966328092632,0.95902594210599024,0.96150579188841923,0.96397926224461439,0.96645842714784191,0.96802097107780538,0.96940065476507564,0.97077837762874453,0.97215414800536537,0.9735279741725853,0.974899864349728,0.97626982669836648,0.9776378693228891,0.9790040002710606,0.98036822753457231,0.98173055904958939,0.98309133501592583,0.98421988910151181,0.9852833021084999,0.98634556861409739,0.98740669231857292,0.98846667690233347,0.9895255260260748,0.99058324333092629,0.9916398324386,0.9926952969515328,0.99374964045303182,0.99480286650741367,0.9958549786601486,0.99690598043799616,0.99795587534914565,0.9990046668833521],"c1":[1.1630658361513928,0.22106940564003272,0.082919562172797279,0.044195577986356989,0.02874780356239454,0.020724931506154783,0.014272665044547836,0.014064441179068628,0.0087864993440035233,0.0073027110374225155,0.0060554769311259981,0.0057225115337267976,0.0039458429626801662,0.0039284441691222688,0.0039112735189656264,0.0039306119122482575,0.0023774420749462823,0.0023712139606098573,0.0023650345380335836,0.0023589031760480579,0.0023528192548769341,0.0023467821658791606,0.0024003612760950142,0.0013116335475886532,0.0013097667865173647,0.0013079079733379205,0.0013060570518091232,0.001304213966251855,0.001302378661530045,0.0013005510830480342,0.001298731176755253,0.0012969188891132771,0.0012951141671196026,0.0012933169582766307,0.0013699275571218876,0.0010107881211165169,0.001009697180842982,0.0010086097653070861,0.0010075258555680621,0.0010064454328310476,0.0010053684784355373,0.0010042949738696856,0.0010032249007496435,0.0010021582408378808,0.0010010949760193156,0.0010000350883329389,0.00099897855992954541,0.000997925373108674,0.00099687551029017376,0.00099582895402059888],