{"N_qubits":13,"sign_XY":-1,"ramp_time_ms":0.7861328125,"ramp_time_mu":322000,"N_segments":50,"t_seg_mu":6440,"amp_ind_relative_scale":[0.8560763761024569,0.91691065367260882,0.94544560956833246,0.97040074701391621,1.001292076031719,1.0000054350333849,1,1.0158120663649295,0.98573791216757867,0.981572520957598,0.89963003736682268,0.96666848224955826,0.81967674801177137],"target_Omega_Rabi_MHz_mid_ion":0.20873139819171302,"delta_COM_MHz":0.031575742844449584,"splines_ind_LS":{"c0":[0.0063370091677897684,0.261032227631266,0.38725353330285894,0.4669714756332442,0.52217072330762992,0.56286988307676977,0.594405723801208,0.61988517997387693,0.64115619983498029,0.65934302113193211,0.67544134675615164,0.689953626129709,0.70341287396630547,0.7159528175671811,0.72790473113065757,0.73927063577671748,0.74997620967499989,0.76006713102613233,0.76965227634441835,0.77882307042184751,0.78764431558365822,0.79633749932044517,0.8065165688026471,0.816320390374198,0.82419000401771436,0.83195718491575377,0.8396365200365945,0.84724284311511944,0.85477038481823131,0.86226139473374008,0.86972039286786917,0.87715463946139793,0.88457674993316127,0.89199638453608465,0.89941801784065922,0.90685686485852279,0.91431581072365387,0.92179771990157577,0.92930594099439,0.936871708003005,0.94446963805247586,0.95211330956201612,0.95981204490146454,0.96758759503544622,0.97541294065846473,0.98330433471026779,0.9912694252165557,0.99933626243771712,1.007469849588952,1.0156710299328766],"c1":[0.43468657461792548,0.15484811020088624,0.09264435918861226,0.061873937670008011,0.044272944008583011,0.033684997500232933,0.026672810104789991,0.02180711052999101,0.018146862966560512,0.016505643318966475,0.014349025095985641,0.013634007463688948,0.011955439274472983,0.011413838016821514,0.011137918384386984,0.010737038060151759,0.010127663129097859,0.0094889850635703748,0.00886864700813873,0.0083776663599446667,0.0082097496432292517,0.00969021008539484,0.0093644389327975381,0.007482375713990368,0.0075407444323777138,0.0073277930670404366,0.0072322727223793383,0.0071560187634569193,0.007175331931370512,0.0070895312816581227,0.0070660388606880557,0.0070567515094041283,0.0070432776603519447,0.0070539098568122328,0.0070698013514523088,0.007042531704418294,0.00710647698072164,0.0071375205262700853,0.0071766448419035463,0.0071475221313478604,0.0072707436693978675,0.0073188668837312013,0.0073286222122736768,0.0073556169742659775,0.0075081059094801632,0.0075728307503386289,0.0076080371075754,0.0076008548351455254,0.007789916167535698,0.007832292505897202],"c2":[-0.3230404257482315,-0.041184444137992313,-0.019170185666361198,-0.010424210219786116,-0.0059363380811874224,-0.0040738379981112407,-0.0024394583214771134,-0.0015231140772629362,-0.00025147827503243153,-0.0018448490169958103,-0.00015481394090346531,-0.0016536646977066624,0.00021452018363605271,0.00043834166914672997,-1.8195653368871397E-5,-0.000573164910940736,-0.00062875539934060946,-0.000320229957045001,0.00014926140705333787,0.0003662615783805945,-0.00019717330367754571,2.1877462524114516E-5,-6.8355880353676853E-6,-4.2826669884532429E-6,-0.00030206861901323283,5.9833574048225541E-5,-3.8291385510176971E-6,-3.696441728394653E-6,-0.0001001154140967199,2.3736122154702289E-5,-3.4598092125229915E-6,-8.6206607539543729E-6,3.4984803302484602E-6,-1.2319655586617294E-5,-3.28676816934106E-6,8.58840623031718E-5,-5.5553145817025672E-5,-3.2240544532870269E-6,2.4560807352124755E-5,9.7912658470298625E-5,-8.5313236113799344E-5,-3.2231631966464155E-6,0.000124090844802026,7.7873077981975618E-5,-0.00010388302426810675,-3.2816054307251577E-6,0.00011819610985717193,0.00018850322665954128,-7.5667066451731317E-5,-3.3375317055589333E-6],"c3":[0.13664452670438657,0.0076463176296771894,0.0029738857728104965,0.0013674430697757124,0.000562811356936833,0.00054539930315450878,3.76984838301365E-5,-7.5721484033410293E-5,-0.00059064747956856056,0.00074293744627016648,-0.00039872073039503864,0.0008127309064428405,-0.000227680718790308,-0.00048186620967285862,-0.00030755202406208192,2.1884680880946018E-5,9.9465620240743392E-5,-5.9723514395476474E-5,-0.00030761009380783828,-0.000347889395859732,0.00015463597799423245,-2.3609809465354579E-5,4.7118770569431755E-8,2.336652387335854E-8,0.00014339820933859156,-9.1200300891204443E-5,1.9604526114225848E-8,1.8548698503863672E-8,4.1975207281426571E-5,-2.6239058898809391E-5,1.667309639311757E-8,2.9129317363198663E-6,2.1686899285550183E-6,7.33579767033571E-6,1.5289841906745033E-8,-4.27388072009358E-5,5.59852853380384E-5,1.4748407342190744E-8,-1.5733116566266283E-5,-2.671430140174121E-5,7.17662751377955E-5,1.4602237263943877E-8,-6.9473890724488434E-5,1.8044938801321071E-6,8.6656665456962163E-5,1.4858022450342308E-8,-6.7235601856805593E-5,-6.2864921541254046E-5,7.5460658680333068E-5,1.5093806743189246E-8]},"splines_glob_amp":{"c0":[0.022557217748445952,0.42268143530658631,0.54846851353945847,0.618345604658159,0.66352890185528179,0.69542850472330264,0.71940748036956081,0.73834705268884127,0.75387854733566151,0.76696593626247478,0.77840838028425086,0.78861311656498512,0.79798656442646665,0.80664343167470409,0.81482749505682406,0.82255113660016665,0.82977445610615275,0.83653817062441571,0.84292330670231563,0.84899699032654008,0.85480706404401541,0.86050241171701158,0.86713360766620362,0.87348260308084469,0.87855264380943243,0.88353400507511093,0.88843718383447889,0.89327260664061969,0.89803750524806691,0.90275934218915721,0.90744149295187793,0.9120889720585178,0.91671004108436938,0.92131099790071247,0.92589483971837594,0.9304711115098584,0.935041671044958,0.939608323320474,0.94417315095113152,0.948755051008345,0.95333855013119817,0.95793176056583773,0.96254014824795986,0.96717647938019558,0.97182441937647435,0.97649341757521813,0.9811877394253361,0.98592352137925343,0.99067986486965487,0.99545700600301457],"c1":[0.98165612412300152,0.16819474220385267,0.084729914254090072,0.051969720416895293,0.035311773899075749,0.025939917220887797,0.020024397845753675,0.016051146001187334,0.01314742289036014,0.011798664787642356,0.010141174205377421,0.0095377536496032561,0.0082887391246599853,0.00784717645506868,0.0075968552985245024,0.0072691068369777831,0.0068096819615285718,0.0063399061998205839,0.0058904422555716368,0.0055331429409571,0.0053925797503937417,0.0063319901916449022,0.0060820291197621352,0.0048316515789105108,0.0048469268953971788,0.0046890940217017441,0.0046075917031070442,0.0045393499331184157,0.0045323067625720193,0.0044594623754159205,0.0044263365591140124,0.0044024970220619113,0.0043763546689718309,0.0043654057295044648,0.0043578658457352083,0.0043239334801307341,0.0043459862381607347,0.004347933080457736,0.0043547450407796133,0.0043202132007051468,0.0043775533474015938,0.0043895149601072972,0.0043783777082201294,0.0043774534688005972,0.00445080258927281,0.0044718366611219288,0.0044752074777488814,0.0044535762179222079,0.0045464320124920842,0.0045533604206258885],