{"N_qubits":13,"sign_XY":1,"ramp_time_ms":0.7275390625,"ramp_time_mu":298000,"N_segments":50,"t_seg_mu":5960,"amp_ind_relative_scale":[0.8560763761024569,0.91691065367260882,0.94544560956833246,0.97040074701391621,1.001292076031719,1.0000054350333849,1,1.0158120663649295,0.98573791216757867,0.981572520957598,0.89963003736682268,0.96666848224955826,0.81967674801177137],"target_Omega_Rabi_MHz_mid_ion":0.20873139819171302,"delta_COM_MHz":0.031575742844449584,"splines_ind_LS":{"c0":[0.011862135779083984,0.35436094683635933,0.53961994606609454,0.63952603088993032,0.70296779417461208,0.74735657941852252,0.78089215835965653,0.8071160511412564,0.82779358319178786,0.84527106680528774,0.86088480677264922,0.87273824917577292,0.88458127112285323,0.893790447446308,0.90244337801103314,0.91109037787376079,0.91773558766054719,0.92382928664710151,0.92991830508685713,0.93600342669147973,0.941328324952261,0.94543896706954311,0.949547554206378,0.953654102243053,0.95775862685637292,0.96186114352329144,0.96594310207759426,0.9690077545700515,0.97164843534500012,0.974288303314666,0.97692736240677447,0.97956561651751994,0.98220306951191649,0.98483972522414909,0.987475587457915,0.99011065998676329,0.99274891522613906,0.99531563211277541,0.9974951628505353,0.99967416204921489,1.0018526317714376,1.0040305740665225,1.0062079909706017,1.0083848845067409,1.0105612566850555,1.0127371095028264,1.014912444944615,1.0170872649823757,1.0192615715755675,1.0214353666712659],"c1":[0.28549752049549404,0.2496995922994252,0.12282588898783305,0.074072714205079992,0.050511993567270035,0.037971844610130992,0.030225170014448702,0.023716533464855496,0.02142062174843774,0.014833567564020331,0.011407420882575861,0.011230886164667716,0.011489297496955085,0.0082249857341243435,0.0082156093010508514,0.0088648172658551874,0.0057912548921508307,0.00578678200860541,0.0057823616812142063,0.005593440651560545,0.0039060912030328054,0.0039041313631912587,0.0039021867074452072,0.0039002570407344916,0.003898342171491237,0.0038964419115553564,0.0046021987221558482,0.0025090340697579267,0.0025082600290000563,0.0025074897346772556,0.00250672315665985,0.0025059602651556607,0.0025052010307193106,0.0025044454242216475,0.0025036934168645949,0.0025029449801645875,0.0024250258004552489,0.0020708073381606224,0.002070301392044786,0.0020697974117821383,0.0020692953846736676,0.0020687952981348979,0.002068297139695344,0.0020678008970005466,0.0020673065577988653,0.0020668141099552373,0.0020663235414385495,0.0020658348403243794,0.0020653479947973772,0.0020648629931451219],"c2":[0.26604598953853936,-0.09163293674511451,-0.033294484035246305,-0.016429825256855709,-0.010086213844566823,-0.007910560785480825,-0.010948504291335521,-0.0082852110856380078,-0.0072182527443272471,-1.5938742874507588E-5,-0.0003163470872250228,-8.6927513472132641E-6,-0.0056829648446070644,-4.492325122546075E-6,-4.4152413169671541E-6,-0.0051588003452640654,-2.1372193288766362E-6,-2.1120094273950226E-6,-2.0872912647697107E-6,0.0012748104831120674,-9.3455246427499121E-7,-9.272932959531644E-7,-9.2012761270600989E-7,-9.1305374209306955E-7,-9.0607005132483553E-7,-8.9917493667023783E-7,-0.0032133154511906794,-3.68562569914264E-7,-3.6677581469360988E-7,-3.6500346360865709E-7,-3.6324533807402412E-7,-3.6150127229400742E-7,-3.5977112366246208E-7,-3.5805472998430057E-7,-3.5635194278483795E-7,-3.5466261122439022E-7,0.00025436598483009193,-2.4079274107035484E-7,-2.3985592571474897E-7,-2.3892517754202973E-7,-2.3800043230931774E-7,-2.3708163980389167E-7,-2.3616873554713373E-7,-2.3526168368233413E-7,-2.3436041945966038E-7,-2.3346489441984455E-7,-2.3257505957400636E-7,-2.3169085871900741E-7,-2.3081225040511375E-7,-2.2993918173672213E-7],"c3":[-0.20797321198586222,0.0206850625357048,0.0066048403926197343,0.0033927949969103487,0.0024444057437535784,0.0018180117430684319,0.0057067753038159948,0.0044286171597782229,0.0024486123782731712,1.6399317629987762E-7,0.00017480897412538548,6.58712372948547E-8,0.0030140105947917576,2.4429343191593006E-8,2.3738388832834338E-8,0.0026681405058617178,7.98737148090367E-9,7.8315372762304638E-9,7.6799273839579768E-9,-0.0017921211430224268,2.299516944575844E-9,2.2699018283144957E-9,2.2408115638684522E-9,2.212239847345547E-9,2.184178176449577E-9,2.1566123975993783E-9,0.0015557475088249422,5.6592300112533328E-10,5.6135964862698338E-10,5.5685733611343349E-10,5.5240196853020165E-10,5.4799215812938108E-10,5.4363422387317333E-10,5.3932413887999879E-10,5.3506156045073654E-10,5.3084794146458E-10,-0.00021053524393925552,2.9670810735444888E-10,2.9478349890161139E-10,2.9288278686608997E-10,2.9099754393335148E-10,2.89132494678227E-10,2.8727713869235938E-10,2.8544540343497556E-10,2.8362784261318466E-10,2.8182486809002512E-10,2.800396607357092E-10,2.782666241610509E-10,2.7651363091662014E-10,2.7477488351039172E-10]},"splines_glob_amp":{"c0":[0.0245209656643303,0.51781293564774045,0.6773505522159261,0.75269846164464393,0.79767804603353243,0.82801244218535464,0.85036296832615776,0.86752304798606938,0.88086689371674187,0.89202113138466876,0.90189311257509641,0.90933037949836237,0.91671289930493127,0.92242074315995071,0.92775818444094127,0.933067495237007,0.93713118363639547,0.94084522904071,0.94454467055485658,0.94823010086889947,0.95144569234635457,0.95392202230515089,0.95639194046847953,0.95885549638481948,0.9613127389677586,0.96376371650732362,0.9661974345221066,0.96802133932754186,0.9695907057906199,0.97115753619977463,0.9727218428099994,0.974283637777904,0.97584293316281723,0.97739974092787407,0.97895407294108516,0.9805059409763941,0.98205768668690141,0.98356545369903059,0.984844301844418,0.98612149152153572,0.98739702916602756,0.98867092117202271,0.98994317389250952,0.99121379363970441,0.99248278668541845,0.99375015926141774,0.99501591755978058,0.99628006773325106,0.99754261589558679,0.99880356812190529],"c1":[0.82458653076433153,0.23556061480550036,0.09628349353704832,0.053680559914264923,0.035018817276804143,0.025558145263752372,0.019923116013279944,0.015391198818438786,0.013732535161137597,0.00942004039833675,0.0071808879451006067,0.0070236119214448726,0.0071369267421163085,0.005085239100364551,0.005055983458952488,0.0054292071826196235,0.0035353348811377429,0.0035213789262354932,0.0035075869530928182,0.0033829850670305155,0.002355574901157531,0.0023494599562503644,0.0023433923876205573,0.0023373715866562349,0.0023313969556324767,0.0023254679074690924,0.002740647810274222,0.0014921066689598187,0.0014896915652025269,0.0014872881507733326,0.0014848963316783663,0.0014825160149800614,0.0014801471087834395,0.001477789522210419,0.0014754431654022135,0.0014731079494881064,0.0014254753744537925,0.0012156955580522088,0.0012141169430306747,0.0012125444617107821,0.0012109780744759232,0.0012094177420621144,0.0012078634255621992,0.0012063150864153492,0.0012047726864126572,0.0012032361876797197,0.0012017055526817647,0.0012001807442170924,0.0011986617254149197,0.001197148459725859],