{"N_qubits":13,"sign_XY":1,"ramp_time_ms":0.83740234375,"ramp_time_mu":343000,"N_segments":50,"t_seg_mu":6860,"amp_ind_relative_scale":[0.8560763761024569,0.91691065367260882,0.94544560956833246,0.97040074701391621,1.001292076031719,1.0000054350333849,1,1.0158120663649295,0.98573791216757867,0.981572520957598,0.89963003736682268,0.96666848224955826,0.81967674801177137],"target_Omega_Rabi_MHz_mid_ion":0.20873139819171302,"delta_COM_MHz":0.031575742844449584,"splines_ind_LS":{"c0":[0.0064959742020971765,0.26308358786471103,0.43975843810249227,0.54599045994881512,0.61746247050561065,0.66966325727196441,0.709330663627806,0.74156043536642469,0.76753610593205945,0.789603124345382,0.808499892707803,0.82445698166900749,0.83910597894019667,0.851631567259797,0.86344072422546392,0.87333744318109141,0.883167618613958,0.89168524335373878,0.89936855327881648,0.90706952374827354,0.91429707414030015,0.92014279814088962,0.92598418772809354,0.93182129179691509,0.93761779255243827,0.94253555727358862,0.94688219272818042,0.95122653599432117,0.95556860576459468,0.9599084204788968,0.96425380275379557,0.9681770848768696,0.9713282944131918,0.9744783459537405,0.97762724617312668,0.98077500168208831,0.98392161902833986,0.98706710469741188,0.99021146511347435,0.99334893495078747,0.996305894869371,0.99904266437563438,1.0017785978747256,1.0045136994299229,1.007247973071697,1.0099814227980795,1.0127140525750273,1.0154458663367822,1.0181768679862235,1.0209070613952194],"c1":[0.15918922410392478,0.22127834809384622,0.1258501389582847,0.081316535682217639,0.057190261488748527,0.041434557395274546,0.035876011857438536,0.024472760935660587,0.020926736001258779,0.017921773458608375,0.017480503211040027,0.013798372481523455,0.011875698863441819,0.011073082643214598,0.0094083685798631855,0.0093954414990456928,0.010671303002185512,0.0073028670090954538,0.0072954408755379948,0.0067498812648065024,0.0055555123431056223,0.0055513711307806643,0.0055472768097871413,0.0055432285018273226,0.0064085494060506787,0.00413039844929051,0.0041282119101571438,0.004126043250541481,0.004123892228090279,0.004121758605026264,0.0038796774712454058,0.0029942012358762137,0.002993097949024537,0.0029920010336702166,0.0029909104287219549,0.0029898260739010087,0.0029887479097413217,0.0029876758775591377,0.0029866099194517568,0.0030660586651231883,0.0026003294286256178,0.0025995332812823262,0.0025987410097509595,0.0025979525826951779,0.002597167969120566,0.0025963871383792025,0.0025956100601796832,0.0025948367045520184,0.0025940670418809976,0.002593301042856818],"c2":[0.25215169973504165,-0.062387930049601567,-0.028695882034666182,-0.015670017006782465,-0.0081410196352792417,-0.0017781330648754222,-0.010125292546096828,0.0031486407485762915,0.0017975775323388042,-2.5873139745310922E-5,-0.0050050857780409123,0.0032803328069212546,-1.033398049133961E-5,0.002812465524346607,-6.2033434401633617E-6,-6.0772987873014321E-6,-0.0043357557344328064,-3.5545887715626364E-6,-3.5002093574169947E-6,0.0019111570022057431,-1.97831359412333E-6,-1.9558289763133667E-6,-1.933767064904632E-6,-1.9121168198578182E-6,-0.0028859226016664089,-1.0428802314438906E-6,-1.0343293733974623E-6,-1.0258947370887475E-6,-1.0175741176446186E-6,-1.0093653665583025E-6,0.0011088219940815303,-5.2558146360577053E-7,-5.2254039614477336E-7,-5.1952854796558724E-7,-5.1654552797102314E-7,-5.1359093641767162E-7,-5.1066440751132848E-7,-5.0776556447342329E-7,-5.0489404704289325E-7,-9.68896134907682E-5,-3.7909407084479316E-7,-3.7724557799842062E-7,-3.754120482872255E-7,-3.7359333087245776E-7,-3.7178925366823532E-7,-3.6999963850157163E-7,-3.6822434703845227E-7,-3.664631933005554E-7,-3.6471604796694545E-7,-3.6298273072531975E-7],"c3":[-0.15873775887729011,0.011086321681576621,0.00481560889136984,0.0029248963430400592,0.00064131159970521614,-0.0018221155642288078,0.0050993795021756078,-0.0027178068144860386,-0.0015126774416879176,3.4358399095282808E-7,0.0027129532510399724,-0.0030440134214674073,8.6227970747893055E-8,-0.0025525524023138585,3.9952568731817853E-8,3.8617164205725192E-8,0.0017911476561148856,1.7232264793966426E-8,1.6797203682153686E-8,-0.0017056826354588839,7.123763645544087E-9,6.9898110093790918E-9,6.859355939226749E-9,6.7322852874851141E-9,0.0011720109401843573,2.7087513067910442E-9,2.6719283547466492E-9,2.6358051837111866E-9,2.6003633138674631E-9,2.565584740122353E-9,-0.0012414380441700405,9.63250597166665E-10,9.53993364915242E-10,9.44862774052945E-10,9.3585927078553141E-10,9.269688961921206E-10,9.1819825132089975E-10,9.0954280247362314E-10,9.0100168911928361E-10,-0.00015934498325484371,5.8548288020900655E-10,5.8074233674981462E-10,5.7604993856459745E-10,5.7141494059208531E-10,5.66833960358806E-10,5.6229659583925584E-10,5.5781878099613741E-10,5.5338174580712833E-10,5.4900189029270242E-10,5.4466485606682164E-10]},"splines_glob_amp":{"c0":[0.018371050914707567,0.42497147466048119,0.59516554225783991,0.68233617707751848,0.736562452143245,0.77431589058072048,0.80208154228179274,0.82409976365870186,0.84151665393699293,0.856092983690054,0.86842104094182182,0.87872400716442023,0.88809913148016351,0.89605294898755117,0.90350091932909027,0.909705043896941,0.91583422415955873,0.9211184272745957,0.92586434907757231,0.93060161129575136,0.93503021111730311,0.93859976603799911,0.94215579704797547,0.94569845670574426,0.94920595360217164,0.95217349127927364,0.954790219507241,0.95739979582116541,0.96000227854424047,0.96259772521124209,0.9651908309200119,0.96752724325855888,0.96940055440817008,0.9712702524664435,0.97313635825900058,0.9749988924121662,0.97685787535562818,0.97871332732505156,0.98056526836464819,0.98241032791687943,0.984146661479773,0.98575148636940935,0.98735370281232882,0.98895332348646914,0.99055036096740168,0.99214482772948331,0.99373673614699531,0.99532609849526188,0.99691292695175548,0.99849723359718578],"c1":[0.52863598524128319,0.23850131468653593,0.10849861045740122,0.063475215153831838,0.042163177352968054,0.0294138072816446,0.0247546028711154,0.016555318651502081,0.013922123821848834,0.011758403599653798,0.011337015036413477,0.0088730620006587518,0.0075681524345833336,0.0070101464081503617,0.0059141541335763562,0.0058738200280683715,0.0066338096436057287,0.0045202406278654983,0.0044970701643496395,0.004145079763215322,0.0033975500063141541,0.00338462890701349,0.0033718541145195003,0.0033592228884358369,0.0038713499819702643,0.002489307627571984,0.0024824853525918242,0.0024757188639294284,0.0024690074054196428,0.002462350235173303,0.0023130644778087206,0.0017813684513126339,0.0017779260586452792,0.0017745035458363685,0.0017711007222769421,0.0017677173999067857,0.0017643533931683138,0.0017610085189640207,0.0017576825966288474,0.0018016884289660726,0.0015258266956235387,0.0015233426165392867,0.0015208706304893241,0.001518410639673578,0.0015159625473890094,0.0015135262580328163,0.0015111016770602485,0.0015086887109928898,0.0015062872673916863,0.0015038972548411297],