{"N_qubits":13,"sign_XY":-1,"ramp_time_ms":0.53466796875,"ramp_time_mu":219000,"N_segments":50,"t_seg_mu":4380,"amp_ind_relative_scale":[0.8560763761024569,0.91691065367260882,0.94544560956833246,0.97040074701391621,1.001292076031719,1.0000054350333849,1,1.0158120663649295,0.98573791216757867,0.981572520957598,0.89963003736682268,0.96666848224955826,0.81967674801177137],"target_Omega_Rabi_MHz_mid_ion":0.20873139819171302,"delta_COM_MHz":0.031575742844449584,"splines_ind_LS":{"c0":[0.0093149376351230086,0.40596930527480651,0.55650576390271433,0.637964890767483,0.68917520366959417,0.72459563067048738,0.75070994224982912,0.77099921134664962,0.7874824211940632,0.80123663180030924,0.81323414678231054,0.82384097543095025,0.83343726637820481,0.842345931712695,0.85069989711093685,0.858536682800352,0.86575368419218612,0.87246198194628066,0.87887747599201871,0.88481438715346916,0.89056425576056586,0.89603899492938643,0.901340000092983,0.90646062609192368,0.91145133515987831,0.91630256749578942,0.92107365207361946,0.92571586995186539,0.930331514643057,0.93481423586313461,0.93929571956963,0.94368027965093,0.94804307930662346,0.95237019889682406,0.95665008661973472,0.96092729653215747,0.96515039871992392,0.96937068547519156,0.97357376034910525,0.97776014630214636,0.98194385241121718,0.98611407271870832,0.99028239598368961,0.994450483240735,0.998618243420962,1.0027848414125242,1.0069655468422247,1.0111447009168446,1.0153298103746644,1.0195205533312455],"c1":[0.74441992196906281,0.20224216556208185,0.10011473134141061,0.059666405572336073,0.03980290253857674,0.028102348495154878,0.021526298180084776,0.017717053056065069,0.013903199457315643,0.013030328886608811,0.011373776858584459,0.010164026058558914,0.0093220900642811289,0.0083282007338155249,0.0074072888398801773,0.0068652103702271372,0.0071576527815138888,0.0060703123360602174,0.0056445658684083936,0.0056452280997073513,0.0052102188502242035,0.0053427534583037478,0.00487128825377591,0.0049565293920853818,0.0046097481812680061,0.0045823356717997052,0.0044101284022202191,0.0043815088485151229,0.0042597733386572564,0.0042574003792344543,0.0042611327450026194,0.0041464464394693045,0.0041512506154958327,0.0040669377572347841,0.0040648516994487753,0.0040129499318300879,0.0040109468368690407,0.004022033855333027,0.0039780285828910147,0.0039760257269355493,0.0039626548202651556,0.0039607661401794116,0.0039573326735551423,0.0039602981594889387,0.0039584484773574884,0.00397258987492781,0.0039707527070810718,0.0039620193322184591,0.0039821122304385479,0.0039803015956234849],"c2":[-0.59578104239412211,-0.073671488188560771,-0.026742391451497559,-0.012521863337028465,-0.0070571564328986485,-0.0029644512996274287,-0.0020430745393407723,-0.0030953278910378947,0.00018005497441198065,-0.0027066835865917696,-0.002524394457996309,-0.0020238399817709431,-0.001451825784692973,-9.669483224875493E-5,0.00057237695846815606,-3.3325562842655778E-6,-0.0015379943221798934,0.00039062907025751918,-2.172056801625479E-6,0.00015306795023142141,-1.8129033285042796E-6,-0.0003206572338781398,-1.5552644128115436E-6,-0.0001852086254039822,-1.3687228236244304E-6,0.0001458075281046895,-1.2323987770786777E-6,8.4715530222014519E-5,-1.1320065719865134E-6,-1.1223018379424451E-6,-0.00019832038884011474,-1.049012555683308E-6,8.1520625956033977E-6,-9.9484817708441885E-7,-9.8690440072412667E-7,-9.5519647062817E-7,-9.4774160989454557E-7,-3.3171374103784048E-5,-9.1970541526659664E-7,-6.7444716328109173E-7,-9.0051295646345152E-7,-8.9373124827035139E-7,3.0753653321651687E-6,-8.8187218591680451E-7,-8.7532404917715546E-7,-8.758867399424183E-7,-8.6942096622185616E-7,1.635244569817043E-5,-8.63202174444525E-7,-8.5689920430735943E-7],"c3":[0.23994167609392336,0.016649995499847546,0.0049315698830736084,0.0019695783313012105,0.0011429863335092412,-0.00022294877748250732,-0.000124600377901713,0.0012227617813791237,-0.00098002082076074849,0.0011039405231703004,0.0012610511166256087,0.0010149785004377999,0.00061334098173511224,-0.00030200487484579116,-0.00048772472269602556,1.5825937486410637E-8,0.00076441205855922909,-0.00032883120887921039,8.2885253183731768E-9,-0.00033381661947419592,6.3006387686105739E-9,1.5260936942892506E-5,4.991774764251816E-9,-2.941955723303039E-5,4.10959265132406E-9,-0.0001934011385264546,3.5015861673362454E-9,-7.1027825749137507E-5,3.0743304677240976E-9,3.0306472951225081E-9,0.00010507733843461351,2.7316404004612529E-9,-4.8384891333421E-5,2.5164174267896295E-9,2.4831028105900727E-9,2.3615197131656451E-9,2.3309570356605063E-9,4.2479800143194783E-6,2.2227744226879784E-9,-1.8984229498104475E-7,2.1482535141027654E-9,2.121422583343561E-9,-6.9664090170051981E-7,2.0742540592361949E-9,2.0487073466063704E-9,2.0481628076509675E-9,2.0230849855145566E-9,-2.5482173248742593E-6,1.9965830770829317E-9,1.9723933546325881E-9]},"splines_glob_amp":{"c0":[0.035121533332558588,0.56546858195768124,0.69051759042536653,0.75156493497735222,0.78806859943538909,0.812568039429849,0.83026758733569139,0.84381751571970209,0.85470070458991476,0.86369908081053093,0.87148793457486573,0.87832829780348509,0.88448073353368251,0.89016198895658216,0.89546339158025789,0.90041399981895842,0.9049539411409645,0.90915758078245512,0.9131632925077775,0.91685768586931882,0.92042436225271373,0.9238101124491056,0.92707895296005371,0.9302278108905595,0.93328855614935269,0.93625604995467815,0.93916716264182387,0.9419926896806301,0.94479529714068766,0.94751079578482067,0.950219289270738,0.95286319077089321,0.95548810854784594,0.95808582079886417,0.9606495934608934,0.96320624912824493,0.96572519004591417,0.96823715290189427,0.97073363848729488,0.97321505395927965,0.97568977026401216,0.97815145638089585,0.98060701191053834,0.98305744980363374,0.98550274757060063,0.98794244776306384,0.99038549810242071,0.99282275534669406,0.99525861943241978,0.99769291138314842],"c1":[1.456911621810439,0.17998762027400966,0.077402951231201833,0.043301325981177745,0.027855132977338215,0.019209007652838655,0.014469416067079159,0.011756238864198265,0.009134186205610741,0.0084878038446539027,0.0073565879479811106,0.0065336917654273147,0.005959462512124398,0.0052976489466499341,0.0046900547875116409,0.0043273166090131683,0.0044931409360881788,0.0037971104713238162,0.0035181620081198685,0.0035073264768028909,0.0032269076439773951,0.0032991901288322756,0.0029996115751069227,0.0030437674335394753,0.0028233831627513506,0.0027995047304143292,0.0026875146977921606,0.0026636633077926279,0.0025834309805136142,0.0025760270509573853,0.0025723317648987027,0.0024975198034053155,0.0024948752994430503,0.0024388427511367731,0.002432333990487773,0.0023961228997109465,0.0023898729934346431,0.0023914412462506646,0.0023603554424076493,0.0023542934856808787,0.0023415519768649538,0.0023356590592825506,0.0023288934896995893,0.0023259220775939176,0.0023201508384961514,0.0023237674533097912,0.0023180352603366745,0.0023083218060349518,0.0023154055019712675,0.0023097560953818323],