{"N_qubits":13,"sign_XY":1,"ramp_time_ms":0.80322265625,"ramp_time_mu":329000,"N_segments":50,"t_seg_mu":6580,"amp_ind_relative_scale":[0.8560763761024569,0.91691065367260882,0.94544560956833246,0.97040074701391621,1.001292076031719,1.0000054350333849,1,1.0158120663649295,0.98573791216757867,0.981572520957598,0.89963003736682268,0.96666848224955826,0.81967674801177137],"target_Omega_Rabi_MHz_mid_ion":0.20873139819171302,"delta_COM_MHz":0.031575742844449584,"splines_ind_LS":{"c0":[0.013347717146978064,0.3885647837352888,0.5711159876740044,0.66694320800528306,0.727034541563601,0.768764623427537,0.800135883433384,0.82457585941618106,0.84378531368405174,0.859990425788545,0.8744481115543763,0.885390788377444,0.89632556003435582,0.90480840835697562,0.91277410950463689,0.92073523758903508,0.92684002375495789,0.93243363039607219,0.93802334953732491,0.943609896817535,0.94849430353757924,0.95225682349739238,0.95601764090508845,0.95977676771769971,0.96353421575295206,0.96728999669152893,0.97102702893844206,0.97382759956658071,0.97623790824805878,0.97864754469310966,0.98105651185291476,0.98346481265712682,0.98587245001408619,0.98827942681103931,0.99068574591435088,0.99309141016971636,0.99550009905449444,0.99784258885702271,0.99982644466902226,1.0018098616887658,1.0037928414626947,1.0057753855281901,1.0077574954136446,1.0097391726385347,1.0117204187134958,1.0137012351403942,1.0156816234123953,1.017661585014036,1.019641121421295,1.02162023410166],"c1":[0.37789782964374075,0.2508083596661066,0.11876084452171362,0.070496986662834854,0.047651218201995117,0.03561669809806009,0.028250540188136827,0.022089614022706122,0.019918592515397838,0.013733619199594252,0.01053177284530645,0.010368534227417136,0.010611075076273395,0.00757132682759578,0.0075635257478527,0.0081667195063743273,0.0053157861478574731,0.0053120731281250822,0.00530839978007551,0.0051342013415820132,0.0035752064927115214,0.00357358334397108,0.003571971621308674,0.0035703711912914741,0.0035687819226694244,0.0035672036863022127,0.0042171543291489363,0.0022901134992099029,0.0022894734659241749,0.0022888362465573958,0.0022882018205547896,0.0022875701675612948,0.0022869412674370437,0.0022863151002447753,0.0022856916462491365,0.0022850708859101596,0.0022129570924397969,0.0018848719395148641,0.0018844543494259856,0.0018840382327818584,0.0018836235809441852,0.0018832103853382723,0.0018827986374538889,0.0018823883288644012,0.0018819794512059862,0.001881571996169175,0.0018811659555326176,0.0018807613211306697,0.00188035808486515,0.0018799562387014212],"c2":[0.18417467854710629,-0.097646106853303868,-0.033258073839151393,-0.016017811839654027,-0.00971061803610907,-0.0075247527635485759,-0.010376826584364729,-0.0078170744406274115,-0.0067794745084332857,-1.3299870800551673E-5,-0.00029501545709375145,-7.2446843917393167E-6,-0.0052932184382909154,-3.7346432601502141E-6,-3.676351135864508E-6,-0.0047856581183372991,-1.7731870301230029E-6,-1.7541743939570122E-6,-1.7354991034049652E-6,0.0011783311529112773,-7.7372460725049369E-7,-7.6826528187215411E-7,-7.6286985586178218E-7,-7.57537282683495E-7,-7.5226655821988775E-7,-7.4705666502236436E-7,-0.0029583645822302534,-3.0468646682889723E-7,-3.0334494895283569E-7,-3.0201324406486468E-7,-3.0069126082295036E-7,-2.9937888838541663E-7,-2.9807603248434809E-7,-2.9678259930438361E-7,-2.9549849853942967E-7,-2.9422362789841658E-7,0.00023568347436066128,-1.9870622649769788E-7,-1.9800428151311781E-7,-1.9730645190414634E-7,-1.9661271203164089E-7,-1.9592303756927398E-7,-1.9523737373795918E-7,-1.9455570170660731E-7,-1.9387800198973903E-7,-1.9320420869513082E-7,-1.9253431661004226E-7,-1.918682868380645E-7,-1.9120609142206671E-7,-1.9054769138725754E-7],"c3":[-0.18382128900342834,0.023106938325060864,0.0067414830515247015,0.0033490095879816777,0.0023733131984564667,0.00172992902192438,0.005411372077331428,0.0041799727572194283,0.0023001467499649065,1.2464473043658044E-7,0.00016352088894702139,4.998725682318421E-8,0.002807544570738737,1.8472448029559315E-8,1.7996716659358949E-8,0.0024752576311988109,6.0235590686142372E-9,5.9166592267639679E-9,5.8123944185009E-9,-0.0016562018461318126,1.7293240913057981E-9,1.7090808917888319E-9,1.6891668632589898E-9,1.6695737802468006E-9,1.6503034329484844E-9,1.6313392185719164E-9,0.0014323266980478591,4.2490068277164497E-10,4.2179202578250146E-10,4.1871340761711872E-10,4.1567012804462117E-10,4.1265442764673521E-10,4.096676877014911E-10,4.0671084311137505E-10,4.0378859067006653E-10,4.0089304554199714E-10,-0.00019504388307804561,2.2232129910138408E-10,2.2101789433009427E-10,2.1972135915102036E-10,2.1843326394313465E-10,2.1716444268697693E-10,2.158979695848304E-10,2.1464107199096162E-10,2.1340553569038854E-10,2.1216726839156647E-10,2.1094397730734634E-10,2.0973044538322495E-10,2.0852898320935496E-10,2.0733263569542449E-10]},"splines_glob_amp":{"c0":[0.021089745248038323,0.5497456597157897,0.70176502265191065,0.77238558252414447,0.81423384982726621,0.84233443504631622,0.86298190897504923,0.87880076518482819,0.89107752055493694,0.90132995925841441,0.91039919713978612,0.91721573378402321,0.92398709500726817,0.92921273687666361,0.93409844788028562,0.93896094926311446,0.94267589242977756,0.94606947817222675,0.94945093442992723,0.952820780531178,0.95575925955869445,0.958017830405564,0.96027108907734171,0.96251907288145921,0.96476181869069833,0.96699936295024769,0.96922159961667442,0.97088424402708573,0.97231336446430838,0.97374038743997926,0.97516532216215424,0.97658817777171358,0.978008963343043,0.97942768788471135,0.98084436034013534,0.98225898958823854,0.98367374032626043,0.98504803081677939,0.98621069960665131,0.987371999309919,0.988531934751676,0.98969051072874148,0.99084773200989029,0.99200360333608129,0.99315812942068515,0.99431131494970959,0.99546316458201811,0.99661368294955277,0.99776287465754976,0.9989107442847549],"c1":[0.99326478701699472,0.22700104622031411,0.090664446510571289,0.050086394894371,0.032511272755610658,0.023653359356835747,0.018407024195009274,0.01418978811411036,0.012653623542010483,0.0086496270290482881,0.0065801413752882426,0.0064396618166957034,0.0065499152732228253,0.0046536274419446185,0.0046292870995337486,0.004976503770416048,0.0032297093844894428,0.0032181242995170372,0.0032066629951551361,0.0030931107251329143,0.0021481775022985533,0.0021431130756537947,0.0021380842997959547,0.0021330907584102125,0.0021281320419534603,0.002123207747513331,0.0025050402849294442,0.0013586636409566647,0.0013566666572262678,0.0013546784532765322,0.0013526989649625236,0.0013507281287894173,0.0013487658819158986,0.0013468121621298195,0.0013448669078516729,0.0013429300581230496,0.0012990784852800444,0.0011051872009674322,0.0011038842677646705,0.0011025859319062057,0.0011012921664235319,0.0011000029445608337,0.0010987182397806383,0.0010974380257740787,0.0010961622764384985,0.0010948909658778235,0.0010936240684182388,0.001092361558584546,0.0010911034111068464,0.0010898496009237686],