{"N_qubits":13,"sign_XY":-1,"ramp_time_ms":0.712890625,"ramp_time_mu":292000,"N_segments":50,"t_seg_mu":5840,"amp_ind_relative_scale":[0.8560763761024569,0.91691065367260882,0.94544560956833246,0.97040074701391621,1.001292076031719,1.0000054350333849,1,1.0158120663649295,0.98573791216757867,0.981572520957598,0.89963003736682268,0.96666848224955826,0.81967674801177137],"target_Omega_Rabi_MHz_mid_ion":0.20873139819171302,"delta_COM_MHz":0.031575742844449584,"splines_ind_LS":{"c0":[0.0053525977889026018,0.30346921746937272,0.44521260044432942,0.52982502357049077,0.586170831150128,0.62656782730909788,0.65720199597158591,0.68159638017740232,0.70163422428571287,0.71854536463789642,0.73350903809585832,0.74690722623540673,0.75907902874441235,0.77047066417670917,0.781247198617906,0.79140828716504152,0.80093266711439992,0.80974939045996253,0.81811778022068526,0.82613077711479566,0.83385295560208161,0.84117114466649645,0.84833650787606507,0.85533856564839839,0.8620947915912015,0.86877187414743617,0.875305096545343,0.88175190660400593,0.8881331776703637,0.89441106916648683,0.90066364391154663,0.9068432106969111,0.91300217170511921,0.91912202885837169,0.92522556878835549,0.93131035941495988,0.93738693734341438,0.94345658490756579,0.9495307898612414,0.95560218565523314,0.96169495914290659,0.9677890266884005,0.97391277979592072,0.98004785985077247,0.986215708164787,0.99240599588278211,0.99862842036569011,1.004888941819821,1.0111720652112262,1.0174927771683135],"c1":[0.48549545385045079,0.17914655683375244,0.10048811099523584,0.064161237735804511,0.044382015122482119,0.03283765516222064,0.025806936692228645,0.020261205521895698,0.01695329898634923,0.015546468593517361,0.013671987326619941,0.011554674127659216,0.01078608326815343,0.010198326273570051,0.009643311241594392,0.0090519960795975418,0.0084113048911748645,0.0086051161048346734,0.0078160512660031163,0.0073407398661121444,0.0069616153859547092,0.0070480839152724821,0.0066497970922326319,0.0064909544525920031,0.0063471975918475317,0.0062130258991789132,0.00628931539850588,0.0060627104167274432,0.0060333139477723383,0.0059435786908952053,0.0058724183553162156,0.0058538978497613891,0.005816511586198881,0.0058175330746199965,0.0057828983403028309,0.00578207134112348,0.0057683829409145094,0.0057621745359679117,0.0057703968557609488,0.0057865389847624243,0.0057916399017056558,0.0058202654078584014,0.0058311255385762664,0.0058608605140203288,0.0058484713715557879,0.00591168824404749,0.0058653692886666093,0.0059717552457161927,0.0059703474978006132,0.0060091751910406775],"c2":[-0.3193002824873708,-0.053066372567412062,-0.02309142085698877,-0.011869581696358714,-0.0062620478859804346,-0.0036992219216122053,-0.0029998769364563628,-0.00057899030957697412,-0.00030663572154997665,-0.0018043503600723683,-0.0019478091770433761,0.00034828355315379329,0.0005011405343180365,0.0005489992664931832,0.0003733761867108321,-6.5784041338819409E-6,-6.36518892445534E-5,-0.0012792610829252431,0.00014884617420791931,-4.04594158972779E-6,-3.5863840928509534E-6,-0.00018320257418065353,-3.1855612760735879E-6,-0.00016100243050316113,0.0002117688247987654,-2.6794729101072612E-6,-0.00024623826889365276,-2.4930451141916692E-6,-0.00014626777231671381,1.710740127741476E-5,-2.2628502349432047E-6,5.22852975061226E-5,-2.1733574731640169E-6,-9.6968998443955264E-6,-2.1042140136123261E-6,-1.4033934597470953E-5,-2.0514621974646172E-6,1.9486456585377291E-5,-2.0121041648325496E-6,6.8039036605975457E-6,-1.7570426657399575E-5,-1.9871409007777733E-6,-5.9525482748508191E-5,-1.9758046851946543E-6,-7.4787174291927518E-7,-1.9713391794501222E-6,0.00013762509021746633,-1.9727906779234869E-6,7.4910608552534E-5,-1.9591617826921524E-6],"c3":[0.1238647808722735,0.010309129284930487,0.0038247011142762337,0.0016519339377438218,0.00048139034444304553,0.0001127058624872135,0.0004095765070272632,-0.00068619093245849913,-0.00046253795999319535,0.00047175950888026142,0.0010317383549980461,-0.00029649869768909532,-0.00043737501494023117,-0.00047861703140069685,-0.00031444134623691522,4.47499955577263E-8,3.3066400978974706E-5,0.00064111463383008133,-0.00035028712845618575,2.138815561404272E-8,1.7813989695360597E-8,-5.7053091085214936E-5,1.4847016031841905E-8,8.8746554956838764E-5,-0.00020984965774070578,1.138357559884733E-8,8.3103233366173127E-5,1.0175364622644202E-8,7.8724702410104311E-5,-1.5673061705638978E-5,8.7480806518949468E-9,-5.3654371789254038E-5,8.202723401174471E-9,-9.31757089729904E-6,7.7848693687079523E-9,4.9152157340392647E-6,7.4659436804804E-9,-1.1325065087165505E-5,7.22520860548681E-9,-5.0004455281448151E-6,1.2754938995764375E-5,7.0517926860965391E-9,5.5095557041466122E-5,6.96580718849411E-9,3.304729866706946E-5,6.9166908932134189E-9,-5.6488864901717749E-5,6.8988801154260864E-9,-4.1485734988253717E-5,6.80273093087642E-9]},"splines_glob_amp":{"c0":[0.021387759241264584,0.46753605656126718,0.59986164134657372,0.66961546637207969,0.71320499424658723,0.74325332579750392,0.76543426028088524,0.78274904312976479,0.7967526515908897,0.8084242812854604,0.81864301138745443,0.82770873841459114,0.83587772033151087,0.84346668390363078,0.850596736144593,0.85727669774202053,0.86350094186643167,0.8692312724600787,0.874642631268362,0.87979942536082834,0.88474644551780524,0.88941445134144692,0.89396614761029536,0.89839634156578529,0.90265453593903,0.90684716246630848,0.91093451626544131,0.9149534720715492,0.91891770549847074,0.92280438863288372,0.92666239544222051,0.930462727946156,0.93423802590759764,0.93797724480729172,0.94169458757235891,0.94538878852969432,0.94906643198028351,0.95272844541385016,0.95638187288171661,0.96002238292502162,0.96366453092499271,0.96729634983473411,0.97093477937076067,0.97456889715304673,0.97821138907719263,0.98185610638202259,0.985508711032474,0.98917261952335367,0.99283869787880463,0.99651563404746979],"c1":[1.076935374955319,0.1819048493478711,0.0861884729567501,0.050812110369399595,0.033533090944328957,0.02404694796804939,0.0184753763321865,0.014258472458275166,0.011769457769826009,0.010667377389359712,0.00928996986776744,0.007785379111753009,0.0072118929636652406,0.0067706527211170622,0.0063596519129850947,0.00593250201055619,0.005481155300599381,0.00557770229966104,0.0050419775883477043,0.0047131615946670313,0.0044498703606835706,0.0044862699048960559,0.0042156256182695516,0.0040987142807213332,0.0039930103669748307,0.0038940271175951558,0.0039276205099478736,0.0037728655283151289,0.0037415672144188953,0.003673507353384101,0.0036173858253891219,0.0035941775020433657,0.0035595923587714139,0.0035487993819742518,0.0035164602391541894,0.003504884552678016,0.0034856648805333878,0.0034711178635692739,0.0034653439131937772,0.0034643898204086889,0.003456835852798097,0.0034633744234439465,0.0034592776778759734,0.0034664389947275088,0.0034486598823727,0.0034754403623361006,0.0034378628424788613,0.0034896491024096889,0.0034783620017114769,0.003490457557384633],